step,dna,strategy_name,strategy_explanation,population
1,0010000000001100000100010100,PAVLOV,"PAVLOV: LOOKUP strategy with memory depth 1. Initial move C; responses CC->C, CD->D, DC->D, DD->C.",38
1,0010000000001100010100000100,TESTER,"TESTER: LOOKUP strategy with memory depth 1. Initial move D; responses CC->C, CD->C, DC->D, DD->C.",38
1,0010000000001100010100010001,SUSPICIOUS_TFT,"SUSPICIOUS_TFT: LOOKUP strategy with memory depth 1. Initial move D; responses CC->C, CD->D, DC->C, DD->D.",37
1,0010001100101010111111110111100110000000001110011000000000,JOSS,"JOSS: PROBABILISTIC_LOOKUP strategy with memory depth 1. Initial cooperation probability 1.000; per-state cooperation probabilities CC->0.902, CD->0.000, DC->0.902, DD->0.000.",37
1,0010000000001100000100010001,TFT,"TFT: LOOKUP strategy with memory depth 1. Initial move C; responses CC->C, CD->D, DC->C, DD->D.",36
1,0010000000001100010101010101,ALLD,"ALLD: LOOKUP strategy with memory depth 1. Initial move D; responses CC->D, CD->D, DC->D, DD->D.",35
1,0010001100101010111111110111111111010101011111111101010101,GTFT,"GTFT: PROBABILISTIC_LOOKUP strategy with memory depth 1. Initial cooperation probability 1.000; per-state cooperation probabilities CC->1.000, CD->0.333, DC->1.000, DD->0.333.",34
1,0010000000001100010101010100,DEFENSIVE,"DEFENSIVE: LOOKUP strategy with memory depth 1. Initial move D; responses CC->D, CD->D, DC->D, DD->C.",33
1,001001010010000000000001000000000000000000000000,SHUBIK,"SHUBIK: SCRIPTED strategy `SHUBIK` with parameters (0, 0, 0).",33
1,001001010010000000000000000000000000000000000000,NYDEGGER,"NYDEGGER: SCRIPTED strategy `NYDEGGER` with parameters (0, 0, 0).",32
1,00100100000111000000100001001010010000000000,ALTERNATOR,"ALTERNATOR: FSM strategy with 2 states. Initial move C; initial state S0. S0: on C -> D/S1, on D -> D/S1 S1: on C -> C/S0, on D -> C/S0",31
1,0010000000100100001000000000000100010000000000010001,TF2T,TF2T: LOOKUP strategy with memory depth 2. Initial move C; table contains 16 deterministic entries.,30
1,0010000000001100000100000000,ALLC,"ALLC: LOOKUP strategy with memory depth 1. Initial move C; responses CC->C, CD->C, DC->C, DD->C.",29
1,0010000000001100010100010100,SUSPICIOUS_PAVLOV,"SUSPICIOUS_PAVLOV: LOOKUP strategy with memory depth 1. Initial move D; responses CC->C, CD->D, DC->D, DD->C.",29
1,0010000000001100000100000001,FORGIVER,"FORGIVER: LOOKUP strategy with memory depth 1. Initial move C; responses CC->C, CD->C, DC->C, DD->D.",28
2,0010000000001100000100010100,PAVLOV,"PAVLOV: LOOKUP strategy with memory depth 1. Initial move C; responses CC->C, CD->D, DC->D, DD->C.",40
2,0010001100101010111111110111100110000000001110011000000000,JOSS,"JOSS: PROBABILISTIC_LOOKUP strategy with memory depth 1. Initial cooperation probability 1.000; per-state cooperation probabilities CC->0.902, CD->0.000, DC->0.902, DD->0.000.",39
2,0010000000001100000100010001,TFT,"TFT: LOOKUP strategy with memory depth 1. Initial move C; responses CC->C, CD->D, DC->C, DD->D.",37
2,0010000000001100010100000100,TESTER,"TESTER: LOOKUP strategy with memory depth 1. Initial move D; responses CC->C, CD->C, DC->D, DD->C.",37
2,0010000000001100010100010001,SUSPICIOUS_TFT,"SUSPICIOUS_TFT: LOOKUP strategy with memory depth 1. Initial move D; responses CC->C, CD->D, DC->C, DD->D.",36
2,0010001100101010111111110111111111010101011111111101010101,GTFT,"GTFT: PROBABILISTIC_LOOKUP strategy with memory depth 1. Initial cooperation probability 1.000; per-state cooperation probabilities CC->1.000, CD->0.333, DC->1.000, DD->0.333.",36
2,0010000000001100010101010100,DEFENSIVE,"DEFENSIVE: LOOKUP strategy with memory depth 1. Initial move D; responses CC->D, CD->D, DC->D, DD->C.",33
2,001001010010000000000000000000000000000000000000,NYDEGGER,"NYDEGGER: SCRIPTED strategy `NYDEGGER` with parameters (0, 0, 0).",33
2,001001010010000000000001000000000000000000000000,SHUBIK,"SHUBIK: SCRIPTED strategy `SHUBIK` with parameters (0, 0, 0).",33
2,0010000000001100010101010101,ALLD,"ALLD: LOOKUP strategy with memory depth 1. Initial move D; responses CC->D, CD->D, DC->D, DD->D.",32
2,0010000000100100001000000000000100010000000000010001,TF2T,TF2T: LOOKUP strategy with memory depth 2. Initial move C; table contains 16 deterministic entries.,30
2,0010000000001100000100000000,ALLC,"ALLC: LOOKUP strategy with memory depth 1. Initial move C; responses CC->C, CD->C, DC->C, DD->C.",29
2,0010000000001100010100010100,SUSPICIOUS_PAVLOV,"SUSPICIOUS_PAVLOV: LOOKUP strategy with memory depth 1. Initial move D; responses CC->C, CD->D, DC->D, DD->C.",29
2,0010000000001100000100000001,FORGIVER,"FORGIVER: LOOKUP strategy with memory depth 1. Initial move C; responses CC->C, CD->C, DC->C, DD->D.",28
2,00100100000111000000100001001010010000000000,ALTERNATOR,"ALTERNATOR: FSM strategy with 2 states. Initial move C; initial state S0. S0: on C -> D/S1, on D -> D/S1 S1: on C -> C/S0, on D -> C/S0",28
3,0010000000001100000100010100,PAVLOV,"PAVLOV: LOOKUP strategy with memory depth 1. Initial move C; responses CC->C, CD->D, DC->D, DD->C.",39
3,0010000000001100000100010001,TFT,"TFT: LOOKUP strategy with memory depth 1. Initial move C; responses CC->C, CD->D, DC->C, DD->D.",37
3,0010000000001100010100000100,TESTER,"TESTER: LOOKUP strategy with memory depth 1. Initial move D; responses CC->C, CD->C, DC->D, DD->C.",37
3,0010001100101010111111110111100110000000001110011000000000,JOSS,"JOSS: PROBABILISTIC_LOOKUP strategy with memory depth 1. Initial cooperation probability 1.000; per-state cooperation probabilities CC->0.902, CD->0.000, DC->0.902, DD->0.000.",37
3,0010000000001100010100010001,SUSPICIOUS_TFT,"SUSPICIOUS_TFT: LOOKUP strategy with memory depth 1. Initial move D; responses CC->C, CD->D, DC->C, DD->D.",36
3,0010001100101010111111110111111111010101011111111101010101,GTFT,"GTFT: PROBABILISTIC_LOOKUP strategy with memory depth 1. Initial cooperation probability 1.000; per-state cooperation probabilities CC->1.000, CD->0.333, DC->1.000, DD->0.333.",35
3,001001010010000000000001000000000000000000000000,SHUBIK,"SHUBIK: SCRIPTED strategy `SHUBIK` with parameters (0, 0, 0).",35
3,001001010010000000000000000000000000000000000000,NYDEGGER,"NYDEGGER: SCRIPTED strategy `NYDEGGER` with parameters (0, 0, 0).",34
3,0010000000001100010101010100,DEFENSIVE,"DEFENSIVE: LOOKUP strategy with memory depth 1. Initial move D; responses CC->D, CD->D, DC->D, DD->C.",33
3,0010000000001100010101010101,ALLD,"ALLD: LOOKUP strategy with memory depth 1. Initial move D; responses CC->D, CD->D, DC->D, DD->D.",32
3,0010000000001100010100010100,SUSPICIOUS_PAVLOV,"SUSPICIOUS_PAVLOV: LOOKUP strategy with memory depth 1. Initial move D; responses CC->C, CD->D, DC->D, DD->C.",31
3,0010000000100100001000000000000100010000000000010001,TF2T,TF2T: LOOKUP strategy with memory depth 2. Initial move C; table contains 16 deterministic entries.,30
3,0010000000001100000100000000,ALLC,"ALLC: LOOKUP strategy with memory depth 1. Initial move C; responses CC->C, CD->C, DC->C, DD->C.",28
3,0010000000001100000100000001,FORGIVER,"FORGIVER: LOOKUP strategy with memory depth 1. Initial move C; responses CC->C, CD->C, DC->C, DD->D.",28
3,00100100000111000000100001001010010000000000,ALTERNATOR,"ALTERNATOR: FSM strategy with 2 states. Initial move C; initial state S0. S0: on C -> D/S1, on D -> D/S1 S1: on C -> C/S0, on D -> C/S0",28
4,0010000000001100000100010100,PAVLOV,"PAVLOV: LOOKUP strategy with memory depth 1. Initial move C; responses CC->C, CD->D, DC->D, DD->C.",42
4,0010001100101010111111110111100110000000001110011000000000,JOSS,"JOSS: PROBABILISTIC_LOOKUP strategy with memory depth 1. Initial cooperation probability 1.000; per-state cooperation probabilities CC->0.902, CD->0.000, DC->0.902, DD->0.000.",37
4,0010000000001100000100010001,TFT,"TFT: LOOKUP strategy with memory depth 1. Initial move C; responses CC->C, CD->D, DC->C, DD->D.",36
4,0010000000001100010100000100,TESTER,"TESTER: LOOKUP strategy with memory depth 1. Initial move D; responses CC->C, CD->C, DC->D, DD->C.",36
4,0010000000001100010100010001,SUSPICIOUS_TFT,"SUSPICIOUS_TFT: LOOKUP strategy with memory depth 1. Initial move D; responses CC->C, CD->D, DC->C, DD->D.",36
4,0010001100101010111111110111111111010101011111111101010101,GTFT,"GTFT: PROBABILISTIC_LOOKUP strategy with memory depth 1. Initial cooperation probability 1.000; per-state cooperation probabilities CC->1.000, CD->0.333, DC->1.000, DD->0.333.",35
4,0010000000001100010101010100,DEFENSIVE,"DEFENSIVE: LOOKUP strategy with memory depth 1. Initial move D; responses CC->D, CD->D, DC->D, DD->C.",34
4,001001010010000000000000000000000000000000000000,NYDEGGER,"NYDEGGER: SCRIPTED strategy `NYDEGGER` with parameters (0, 0, 0).",33
4,001001010010000000000001000000000000000000000000,SHUBIK,"SHUBIK: SCRIPTED strategy `SHUBIK` with parameters (0, 0, 0).",33
4,0010000000001100010101010101,ALLD,"ALLD: LOOKUP strategy with memory depth 1. Initial move D; responses CC->D, CD->D, DC->D, DD->D.",32
4,0010000000100100001000000000000100010000000000010001,TF2T,TF2T: LOOKUP strategy with memory depth 2. Initial move C; table contains 16 deterministic entries.,31
4,0010000000001100010100010100,SUSPICIOUS_PAVLOV,"SUSPICIOUS_PAVLOV: LOOKUP strategy with memory depth 1. Initial move D; responses CC->C, CD->D, DC->D, DD->C.",30
4,0010000000001100000100000001,FORGIVER,"FORGIVER: LOOKUP strategy with memory depth 1. Initial move C; responses CC->C, CD->C, DC->C, DD->D.",29
4,0010000000001100000100000000,ALLC,"ALLC: LOOKUP strategy with memory depth 1. Initial move C; responses CC->C, CD->C, DC->C, DD->C.",28
4,00100100000111000000100001001010010000000000,ALTERNATOR,"ALTERNATOR: FSM strategy with 2 states. Initial move C; initial state S0. S0: on C -> D/S1, on D -> D/S1 S1: on C -> C/S0, on D -> C/S0",28
5,0010000000001100000100010100,PAVLOV,"PAVLOV: LOOKUP strategy with memory depth 1. Initial move C; responses CC->C, CD->D, DC->D, DD->C.",40
5,0010001100101010111111110111100110000000001110011000000000,JOSS,"JOSS: PROBABILISTIC_LOOKUP strategy with memory depth 1. Initial cooperation probability 1.000; per-state cooperation probabilities CC->0.902, CD->0.000, DC->0.902, DD->0.000.",39
5,0010000000001100000100010001,TFT,"TFT: LOOKUP strategy with memory depth 1. Initial move C; responses CC->C, CD->D, DC->C, DD->D.",37
5,0010000000001100010100000100,TESTER,"TESTER: LOOKUP strategy with memory depth 1. Initial move D; responses CC->C, CD->C, DC->D, DD->C.",37
5,0010000000001100010100010001,SUSPICIOUS_TFT,"SUSPICIOUS_TFT: LOOKUP strategy with memory depth 1. Initial move D; responses CC->C, CD->D, DC->C, DD->D.",36
5,0010001100101010111111110111111111010101011111111101010101,GTFT,"GTFT: PROBABILISTIC_LOOKUP strategy with memory depth 1. Initial cooperation probability 1.000; per-state cooperation probabilities CC->1.000, CD->0.333, DC->1.000, DD->0.333.",34
5,0010000000001100010101010100,DEFENSIVE,"DEFENSIVE: LOOKUP strategy with memory depth 1. Initial move D; responses CC->D, CD->D, DC->D, DD->C.",33
5,001001010010000000000000000000000000000000000000,NYDEGGER,"NYDEGGER: SCRIPTED strategy `NYDEGGER` with parameters (0, 0, 0).",33
5,001001010010000000000001000000000000000000000000,SHUBIK,"SHUBIK: SCRIPTED strategy `SHUBIK` with parameters (0, 0, 0).",33
5,0010000000001100010101010101,ALLD,"ALLD: LOOKUP strategy with memory depth 1. Initial move D; responses CC->D, CD->D, DC->D, DD->D.",32
5,0010000000001100010100010100,SUSPICIOUS_PAVLOV,"SUSPICIOUS_PAVLOV: LOOKUP strategy with memory depth 1. Initial move D; responses CC->C, CD->D, DC->D, DD->C.",30
5,0010000000100100001000000000000100010000000000010001,TF2T,TF2T: LOOKUP strategy with memory depth 2. Initial move C; table contains 16 deterministic entries.,30
5,0010000000001100000100000001,FORGIVER,"FORGIVER: LOOKUP strategy with memory depth 1. Initial move C; responses CC->C, CD->C, DC->C, DD->D.",29
5,00100100000111000000100001001010010000000000,ALTERNATOR,"ALTERNATOR: FSM strategy with 2 states. Initial move C; initial state S0. S0: on C -> D/S1, on D -> D/S1 S1: on C -> C/S0, on D -> C/S0",29
5,0010000000001100000100000000,ALLC,"ALLC: LOOKUP strategy with memory depth 1. Initial move C; responses CC->C, CD->C, DC->C, DD->C.",28
6,0010000000001100000100010100,PAVLOV,"PAVLOV: LOOKUP strategy with memory depth 1. Initial move C; responses CC->C, CD->D, DC->D, DD->C.",38
6,0010001100101010111111110111100110000000001110011000000000,JOSS,"JOSS: PROBABILISTIC_LOOKUP strategy with memory depth 1. Initial cooperation probability 1.000; per-state cooperation probabilities CC->0.902, CD->0.000, DC->0.902, DD->0.000.",38
6,0010000000001100000100010001,TFT,"TFT: LOOKUP strategy with memory depth 1. Initial move C; responses CC->C, CD->D, DC->C, DD->D.",37
6,0010000000001100010100010001,SUSPICIOUS_TFT,"SUSPICIOUS_TFT: LOOKUP strategy with memory depth 1. Initial move D; responses CC->C, CD->D, DC->C, DD->D.",37
6,0010000000001100010100000100,TESTER,"TESTER: LOOKUP strategy with memory depth 1. Initial move D; responses CC->C, CD->C, DC->D, DD->C.",36
6,0010000000001100010101010101,ALLD,"ALLD: LOOKUP strategy with memory depth 1. Initial move D; responses CC->D, CD->D, DC->D, DD->D.",34
6,0010001100101010111111110111111111010101011111111101010101,GTFT,"GTFT: PROBABILISTIC_LOOKUP strategy with memory depth 1. Initial cooperation probability 1.000; per-state cooperation probabilities CC->1.000, CD->0.333, DC->1.000, DD->0.333.",34
6,001001010010000000000000000000000000000000000000,NYDEGGER,"NYDEGGER: SCRIPTED strategy `NYDEGGER` with parameters (0, 0, 0).",34
6,001001010010000000000001000000000000000000000000,SHUBIK,"SHUBIK: SCRIPTED strategy `SHUBIK` with parameters (0, 0, 0).",33
6,0010000000001100010101010100,DEFENSIVE,"DEFENSIVE: LOOKUP strategy with memory depth 1. Initial move D; responses CC->D, CD->D, DC->D, DD->C.",32
6,0010000000100100001000000000000100010000000000010001,TF2T,TF2T: LOOKUP strategy with memory depth 2. Initial move C; table contains 16 deterministic entries.,32
6,0010000000001100010100010100,SUSPICIOUS_PAVLOV,"SUSPICIOUS_PAVLOV: LOOKUP strategy with memory depth 1. Initial move D; responses CC->C, CD->D, DC->D, DD->C.",30
6,00100100000111000000100001001010010000000000,ALTERNATOR,"ALTERNATOR: FSM strategy with 2 states. Initial move C; initial state S0. S0: on C -> D/S1, on D -> D/S1 S1: on C -> C/S0, on D -> C/S0",29
6,0010000000001100000100000000,ALLC,"ALLC: LOOKUP strategy with memory depth 1. Initial move C; responses CC->C, CD->C, DC->C, DD->C.",28
6,0010000000001100000100000001,FORGIVER,"FORGIVER: LOOKUP strategy with memory depth 1. Initial move C; responses CC->C, CD->C, DC->C, DD->D.",28
7,0010000000001100000100010100,PAVLOV,"PAVLOV: LOOKUP strategy with memory depth 1. Initial move C; responses CC->C, CD->D, DC->D, DD->C.",39
7,0010001100101010111111110111100110000000001110011000000000,JOSS,"JOSS: PROBABILISTIC_LOOKUP strategy with memory depth 1. Initial cooperation probability 1.000; per-state cooperation probabilities CC->0.902, CD->0.000, DC->0.902, DD->0.000.",38
7,0010000000001100000100010001,TFT,"TFT: LOOKUP strategy with memory depth 1. Initial move C; responses CC->C, CD->D, DC->C, DD->D.",37
7,0010000000001100010100010001,SUSPICIOUS_TFT,"SUSPICIOUS_TFT: LOOKUP strategy with memory depth 1. Initial move D; responses CC->C, CD->D, DC->C, DD->D.",37
7,0010000000001100010100000100,TESTER,"TESTER: LOOKUP strategy with memory depth 1. Initial move D; responses CC->C, CD->C, DC->D, DD->C.",36
7,001001010010000000000001000000000000000000000000,SHUBIK,"SHUBIK: SCRIPTED strategy `SHUBIK` with parameters (0, 0, 0).",35
7,0010001100101010111111110111111111010101011111111101010101,GTFT,"GTFT: PROBABILISTIC_LOOKUP strategy with memory depth 1. Initial cooperation probability 1.000; per-state cooperation probabilities CC->1.000, CD->0.333, DC->1.000, DD->0.333.",34
7,001001010010000000000000000000000000000000000000,NYDEGGER,"NYDEGGER: SCRIPTED strategy `NYDEGGER` with parameters (0, 0, 0).",33
7,0010000000001100010101010100,DEFENSIVE,"DEFENSIVE: LOOKUP strategy with memory depth 1. Initial move D; responses CC->D, CD->D, DC->D, DD->C.",32
7,0010000000001100010101010101,ALLD,"ALLD: LOOKUP strategy with memory depth 1. Initial move D; responses CC->D, CD->D, DC->D, DD->D.",32
7,0010000000100100001000000000000100010000000000010001,TF2T,TF2T: LOOKUP strategy with memory depth 2. Initial move C; table contains 16 deterministic entries.,31
7,0010000000001100010100010100,SUSPICIOUS_PAVLOV,"SUSPICIOUS_PAVLOV: LOOKUP strategy with memory depth 1. Initial move D; responses CC->C, CD->D, DC->D, DD->C.",30
7,0010000000001100000100000000,ALLC,"ALLC: LOOKUP strategy with memory depth 1. Initial move C; responses CC->C, CD->C, DC->C, DD->C.",29
7,0010000000001100000100000001,FORGIVER,"FORGIVER: LOOKUP strategy with memory depth 1. Initial move C; responses CC->C, CD->C, DC->C, DD->D.",29
7,00100100000111000000100001001010010000000000,ALTERNATOR,"ALTERNATOR: FSM strategy with 2 states. Initial move C; initial state S0. S0: on C -> D/S1, on D -> D/S1 S1: on C -> C/S0, on D -> C/S0",28
8,0010000000001100000100010100,PAVLOV,"PAVLOV: LOOKUP strategy with memory depth 1. Initial move C; responses CC->C, CD->D, DC->D, DD->C.",39
8,0010000000001100000100010001,TFT,"TFT: LOOKUP strategy with memory depth 1. Initial move C; responses CC->C, CD->D, DC->C, DD->D.",38
8,0010001100101010111111110111100110000000001110011000000000,JOSS,"JOSS: PROBABILISTIC_LOOKUP strategy with memory depth 1. Initial cooperation probability 1.000; per-state cooperation probabilities CC->0.902, CD->0.000, DC->0.902, DD->0.000.",38
8,0010000000001100010100010001,SUSPICIOUS_TFT,"SUSPICIOUS_TFT: LOOKUP strategy with memory depth 1. Initial move D; responses CC->C, CD->D, DC->C, DD->D.",37
8,0010000000001100010100000100,TESTER,"TESTER: LOOKUP strategy with memory depth 1. Initial move D; responses CC->C, CD->C, DC->D, DD->C.",36
8,0010001100101010111111110111111111010101011111111101010101,GTFT,"GTFT: PROBABILISTIC_LOOKUP strategy with memory depth 1. Initial cooperation probability 1.000; per-state cooperation probabilities CC->1.000, CD->0.333, DC->1.000, DD->0.333.",34
8,0010000000001100010101010100,DEFENSIVE,"DEFENSIVE: LOOKUP strategy with memory depth 1. Initial move D; responses CC->D, CD->D, DC->D, DD->C.",33
8,001001010010000000000000000000000000000000000000,NYDEGGER,"NYDEGGER: SCRIPTED strategy `NYDEGGER` with parameters (0, 0, 0).",33
8,001001010010000000000001000000000000000000000000,SHUBIK,"SHUBIK: SCRIPTED strategy `SHUBIK` with parameters (0, 0, 0).",33
8,0010000000001100010101010101,ALLD,"ALLD: LOOKUP strategy with memory depth 1. Initial move D; responses CC->D, CD->D, DC->D, DD->D.",32
8,0010000000100100001000000000000100010000000000010001,TF2T,TF2T: LOOKUP strategy with memory depth 2. Initial move C; table contains 16 deterministic entries.,31
8,0010000000001100010100010100,SUSPICIOUS_PAVLOV,"SUSPICIOUS_PAVLOV: LOOKUP strategy with memory depth 1. Initial move D; responses CC->C, CD->D, DC->D, DD->C.",30
8,0010000000001100000100000000,ALLC,"ALLC: LOOKUP strategy with memory depth 1. Initial move C; responses CC->C, CD->C, DC->C, DD->C.",29
8,00100100000111000000100001001010010000000000,ALTERNATOR,"ALTERNATOR: FSM strategy with 2 states. Initial move C; initial state S0. S0: on C -> D/S1, on D -> D/S1 S1: on C -> C/S0, on D -> C/S0",29
8,0010000000001100000100000001,FORGIVER,"FORGIVER: LOOKUP strategy with memory depth 1. Initial move C; responses CC->C, CD->C, DC->C, DD->D.",28
9,0010000000001100000100010100,PAVLOV,"PAVLOV: LOOKUP strategy with memory depth 1. Initial move C; responses CC->C, CD->D, DC->D, DD->C.",39
9,0010000000001100010100000100,TESTER,"TESTER: LOOKUP strategy with memory depth 1. Initial move D; responses CC->C, CD->C, DC->D, DD->C.",38
9,0010001100101010111111110111100110000000001110011000000000,JOSS,"JOSS: PROBABILISTIC_LOOKUP strategy with memory depth 1. Initial cooperation probability 1.000; per-state cooperation probabilities CC->0.902, CD->0.000, DC->0.902, DD->0.000.",38
9,0010000000001100000100010001,TFT,"TFT: LOOKUP strategy with memory depth 1. Initial move C; responses CC->C, CD->D, DC->C, DD->D.",37
9,0010000000001100010100010001,SUSPICIOUS_TFT,"SUSPICIOUS_TFT: LOOKUP strategy with memory depth 1. Initial move D; responses CC->C, CD->D, DC->C, DD->D.",36
9,0010001100101010111111110111111111010101011111111101010101,GTFT,"GTFT: PROBABILISTIC_LOOKUP strategy with memory depth 1. Initial cooperation probability 1.000; per-state cooperation probabilities CC->1.000, CD->0.333, DC->1.000, DD->0.333.",34
9,001001010010000000000001000000000000000000000000,SHUBIK,"SHUBIK: SCRIPTED strategy `SHUBIK` with parameters (0, 0, 0).",34
9,0010000000001100010101010100,DEFENSIVE,"DEFENSIVE: LOOKUP strategy with memory depth 1. Initial move D; responses CC->D, CD->D, DC->D, DD->C.",33
9,001001010010000000000000000000000000000000000000,NYDEGGER,"NYDEGGER: SCRIPTED strategy `NYDEGGER` with parameters (0, 0, 0).",33
9,0010000000001100010101010101,ALLD,"ALLD: LOOKUP strategy with memory depth 1. Initial move D; responses CC->D, CD->D, DC->D, DD->D.",32
9,0010000000001100010100010100,SUSPICIOUS_PAVLOV,"SUSPICIOUS_PAVLOV: LOOKUP strategy with memory depth 1. Initial move D; responses CC->C, CD->D, DC->D, DD->C.",30
9,0010000000100100001000000000000100010000000000010001,TF2T,TF2T: LOOKUP strategy with memory depth 2. Initial move C; table contains 16 deterministic entries.,30
9,0010000000001100000100000000,ALLC,"ALLC: LOOKUP strategy with memory depth 1. Initial move C; responses CC->C, CD->C, DC->C, DD->C.",29
9,00100100000111000000100001001010010000000000,ALTERNATOR,"ALTERNATOR: FSM strategy with 2 states. Initial move C; initial state S0. S0: on C -> D/S1, on D -> D/S1 S1: on C -> C/S0, on D -> C/S0",29
9,0010000000001100000100000001,FORGIVER,"FORGIVER: LOOKUP strategy with memory depth 1. Initial move C; responses CC->C, CD->C, DC->C, DD->D.",28
10,0010000000001100000100010100,PAVLOV,"PAVLOV: LOOKUP strategy with memory depth 1. Initial move C; responses CC->C, CD->D, DC->D, DD->C.",41
10,0010000000001100000100010001,TFT,"TFT: LOOKUP strategy with memory depth 1. Initial move C; responses CC->C, CD->D, DC->C, DD->D.",39
10,0010000000001100010100000100,TESTER,"TESTER: LOOKUP strategy with memory depth 1. Initial move D; responses CC->C, CD->C, DC->D, DD->C.",36
10,0010000000001100010101010100,DEFENSIVE,"DEFENSIVE: LOOKUP strategy with memory depth 1. Initial move D; responses CC->D, CD->D, DC->D, DD->C.",36
10,001001010010000000000000000000000000000000000000,NYDEGGER,"NYDEGGER: SCRIPTED strategy `NYDEGGER` with parameters (0, 0, 0).",36
10,0010000000001100010100010001,SUSPICIOUS_TFT,"SUSPICIOUS_TFT: LOOKUP strategy with memory depth 1. Initial move D; responses CC->C, CD->D, DC->C, DD->D.",34
10,0010000000001100010100010100,SUSPICIOUS_PAVLOV,"SUSPICIOUS_PAVLOV: LOOKUP strategy with memory depth 1. Initial move D; responses CC->C, CD->D, DC->D, DD->C.",34
10,0010000000001100000100000001,FORGIVER,"FORGIVER: LOOKUP strategy with memory depth 1. Initial move C; responses CC->C, CD->C, DC->C, DD->D.",33
10,0010001100101010111111110111100110000000001110011000000000,JOSS,"JOSS: PROBABILISTIC_LOOKUP strategy with memory depth 1. Initial cooperation probability 1.000; per-state cooperation probabilities CC->0.902, CD->0.000, DC->0.902, DD->0.000.",32
10,0010001100101010111111110111111111010101011111111101010101,GTFT,"GTFT: PROBABILISTIC_LOOKUP strategy with memory depth 1. Initial cooperation probability 1.000; per-state cooperation probabilities CC->1.000, CD->0.333, DC->1.000, DD->0.333.",31
10,0010000000100100001000000000000100010000000000010001,TF2T,TF2T: LOOKUP strategy with memory depth 2. Initial move C; table contains 16 deterministic entries.,30
10,0010000000001100000100000000,ALLC,"ALLC: LOOKUP strategy with memory depth 1. Initial move C; responses CC->C, CD->C, DC->C, DD->C.",28
10,00100100000111000000100001001010010000000000,ALTERNATOR,"ALTERNATOR: FSM strategy with 2 states. Initial move C; initial state S0. S0: on C -> D/S1, on D -> D/S1 S1: on C -> C/S0, on D -> C/S0",28
10,001001010010000000000001000000000000000000000000,SHUBIK,"SHUBIK: SCRIPTED strategy `SHUBIK` with parameters (0, 0, 0).",27
10,0010000000001100010101010101,ALLD,"ALLD: LOOKUP strategy with memory depth 1. Initial move D; responses CC->D, CD->D, DC->D, DD->D.",26
10,0010000000001100000100010101,Hybrid1,"LOOKUP strategy with memory depth 1. Initial move C; responses CC->C, CD->D, DC->D, DD->D.",1
10,0010000000001100000101010000,Hybrid2,"LOOKUP strategy with memory depth 1. Initial move C; responses CC->D, CD->D, DC->C, DD->C.",1
10,0010000000001100010100000001,Hybrid3,"LOOKUP strategy with memory depth 1. Initial move D; responses CC->C, CD->C, DC->C, DD->D.",1
10,0010000000001100010101000100,Hybrid4,"LOOKUP strategy with memory depth 1. Initial move D; responses CC->D, CD->C, DC->D, DD->C.",1
10,0010000000001100010101010001,Hybrid5,"LOOKUP strategy with memory depth 1. Initial move D; responses CC->D, CD->D, DC->C, DD->D.",1
10,0010000000100100011000000000000100010000000010010001,Hybrid6,LOOKUP strategy with memory depth 2. Initial move D; table contains 16 deterministic entries.,1
10,0010001100101010111111110111100110010101011111111101010101,Hybrid7,"PROBABILISTIC_LOOKUP strategy with memory depth 1. Initial cooperation probability 1.000; per-state cooperation probabilities CC->0.902, CD->0.333, DC->1.000, DD->0.333.",1
10,0010001100101010111111110111111110010101011111111101010101,Hybrid8,"PROBABILISTIC_LOOKUP strategy with memory depth 1. Initial cooperation probability 1.000; per-state cooperation probabilities CC->0.996, CD->0.333, DC->1.000, DD->0.333.",1
10,001001010010000000000001000000000000010000000000,Hybrid9,"SCRIPTED strategy `SHUBIK` with parameters (0, 4, 0).",1
11,0010000000001100000100010100,PAVLOV,"PAVLOV: LOOKUP strategy with memory depth 1. Initial move C; responses CC->C, CD->D, DC->D, DD->C.",41
11,0010000000001100000100010001,TFT,"TFT: LOOKUP strategy with memory depth 1. Initial move C; responses CC->C, CD->D, DC->C, DD->D.",39
11,001001010010000000000000000000000000000000000000,NYDEGGER,"NYDEGGER: SCRIPTED strategy `NYDEGGER` with parameters (0, 0, 0).",37
11,0010000000001100010100000100,TESTER,"TESTER: LOOKUP strategy with memory depth 1. Initial move D; responses CC->C, CD->C, DC->D, DD->C.",36
11,0010000000001100010101010100,DEFENSIVE,"DEFENSIVE: LOOKUP strategy with memory depth 1. Initial move D; responses CC->D, CD->D, DC->D, DD->C.",36
11,0010000000001100010100010001,SUSPICIOUS_TFT,"SUSPICIOUS_TFT: LOOKUP strategy with memory depth 1. Initial move D; responses CC->C, CD->D, DC->C, DD->D.",35
11,0010000000001100010100010100,SUSPICIOUS_PAVLOV,"SUSPICIOUS_PAVLOV: LOOKUP strategy with memory depth 1. Initial move D; responses CC->C, CD->D, DC->D, DD->C.",35
11,0010001100101010111111110111100110000000001110011000000000,JOSS,"JOSS: PROBABILISTIC_LOOKUP strategy with memory depth 1. Initial cooperation probability 1.000; per-state cooperation probabilities CC->0.902, CD->0.000, DC->0.902, DD->0.000.",33
11,0010000000100100001000000000000100010000000000010001,TF2T,TF2T: LOOKUP strategy with memory depth 2. Initial move C; table contains 16 deterministic entries.,31
11,0010001100101010111111110111111111010101011111111101010101,GTFT,"GTFT: PROBABILISTIC_LOOKUP strategy with memory depth 1. Initial cooperation probability 1.000; per-state cooperation probabilities CC->1.000, CD->0.333, DC->1.000, DD->0.333.",31
11,001001010010000000000001000000000000000000000000,SHUBIK,"SHUBIK: SCRIPTED strategy `SHUBIK` with parameters (0, 0, 0).",30
11,0010000000001100000100000001,FORGIVER,"FORGIVER: LOOKUP strategy with memory depth 1. Initial move C; responses CC->C, CD->C, DC->C, DD->D.",29
11,00100100000111000000100001001010010000000000,ALTERNATOR,"ALTERNATOR: FSM strategy with 2 states. Initial move C; initial state S0. S0: on C -> D/S1, on D -> D/S1 S1: on C -> C/S0, on D -> C/S0",28
11,0010000000001100010101010101,ALLD,"ALLD: LOOKUP strategy with memory depth 1. Initial move D; responses CC->D, CD->D, DC->D, DD->D.",27
11,0010000000001100000100000000,ALLC,"ALLC: LOOKUP strategy with memory depth 1. Initial move C; responses CC->C, CD->C, DC->C, DD->C.",22
11,0010000000001100000100010101,Hybrid1,"LOOKUP strategy with memory depth 1. Initial move C; responses CC->C, CD->D, DC->D, DD->D.",2
11,0010000000001100000101010000,Hybrid2,"LOOKUP strategy with memory depth 1. Initial move C; responses CC->D, CD->D, DC->C, DD->C.",1
11,0010000000001100010100000001,Hybrid3,"LOOKUP strategy with memory depth 1. Initial move D; responses CC->C, CD->C, DC->C, DD->D.",1
11,0010000000001100010101000100,Hybrid4,"LOOKUP strategy with memory depth 1. Initial move D; responses CC->D, CD->C, DC->D, DD->C.",1
11,0010000000001100010101010001,Hybrid5,"LOOKUP strategy with memory depth 1. Initial move D; responses CC->D, CD->D, DC->C, DD->D.",1
11,0010000000100100011000000000000100010000000010010001,Hybrid6,LOOKUP strategy with memory depth 2. Initial move D; table contains 16 deterministic entries.,1
11,0010001100101010111111110111100110010101011111111101010101,Hybrid7,"PROBABILISTIC_LOOKUP strategy with memory depth 1. Initial cooperation probability 1.000; per-state cooperation probabilities CC->0.902, CD->0.333, DC->1.000, DD->0.333.",1
11,0010001100101010111111110111111110010101011111111101010101,Hybrid8,"PROBABILISTIC_LOOKUP strategy with memory depth 1. Initial cooperation probability 1.000; per-state cooperation probabilities CC->0.996, CD->0.333, DC->1.000, DD->0.333.",1
11,001001010010000000000001000000000000010000000000,Hybrid9,"SCRIPTED strategy `SHUBIK` with parameters (0, 4, 0).",1
12,0010000000001100000100010100,PAVLOV,"PAVLOV: LOOKUP strategy with memory depth 1. Initial move C; responses CC->C, CD->D, DC->D, DD->C.",42
12,0010000000001100000100010001,TFT,"TFT: LOOKUP strategy with memory depth 1. Initial move C; responses CC->C, CD->D, DC->C, DD->D.",40
12,001001010010000000000000000000000000000000000000,NYDEGGER,"NYDEGGER: SCRIPTED strategy `NYDEGGER` with parameters (0, 0, 0).",40
12,0010000000001100010100010001,SUSPICIOUS_TFT,"SUSPICIOUS_TFT: LOOKUP strategy with memory depth 1. Initial move D; responses CC->C, CD->D, DC->C, DD->D.",37
12,0010000000001100010101010100,DEFENSIVE,"DEFENSIVE: LOOKUP strategy with memory depth 1. Initial move D; responses CC->D, CD->D, DC->D, DD->C.",36
12,0010000000001100010100000100,TESTER,"TESTER: LOOKUP strategy with memory depth 1. Initial move D; responses CC->C, CD->C, DC->D, DD->C.",35
12,0010000000001100010100010100,SUSPICIOUS_PAVLOV,"SUSPICIOUS_PAVLOV: LOOKUP strategy with memory depth 1. Initial move D; responses CC->C, CD->D, DC->D, DD->C.",34
12,0010001100101010111111110111100110000000001110011000000000,JOSS,"JOSS: PROBABILISTIC_LOOKUP strategy with memory depth 1. Initial cooperation probability 1.000; per-state cooperation probabilities CC->0.902, CD->0.000, DC->0.902, DD->0.000.",33
12,0010000000100100001000000000000100010000000000010001,TF2T,TF2T: LOOKUP strategy with memory depth 2. Initial move C; table contains 16 deterministic entries.,31
12,0010001100101010111111110111111111010101011111111101010101,GTFT,"GTFT: PROBABILISTIC_LOOKUP strategy with memory depth 1. Initial cooperation probability 1.000; per-state cooperation probabilities CC->1.000, CD->0.333, DC->1.000, DD->0.333.",31
12,001001010010000000000001000000000000000000000000,SHUBIK,"SHUBIK: SCRIPTED strategy `SHUBIK` with parameters (0, 0, 0).",29
12,0010000000001100000100000001,FORGIVER,"FORGIVER: LOOKUP strategy with memory depth 1. Initial move C; responses CC->C, CD->C, DC->C, DD->D.",28
12,0010000000001100010101010101,ALLD,"ALLD: LOOKUP strategy with memory depth 1. Initial move D; responses CC->D, CD->D, DC->D, DD->D.",27
12,00100100000111000000100001001010010000000000,ALTERNATOR,"ALTERNATOR: FSM strategy with 2 states. Initial move C; initial state S0. S0: on C -> D/S1, on D -> D/S1 S1: on C -> C/S0, on D -> C/S0",27
12,0010000000001100000100000000,ALLC,"ALLC: LOOKUP strategy with memory depth 1. Initial move C; responses CC->C, CD->C, DC->C, DD->C.",21
12,0010000000001100000100010101,Hybrid1,"LOOKUP strategy with memory depth 1. Initial move C; responses CC->C, CD->D, DC->D, DD->D.",2
12,0010000000001100000101010000,Hybrid2,"LOOKUP strategy with memory depth 1. Initial move C; responses CC->D, CD->D, DC->C, DD->C.",1
12,0010000000001100010101000100,Hybrid4,"LOOKUP strategy with memory depth 1. Initial move D; responses CC->D, CD->C, DC->D, DD->C.",1
12,0010000000001100010101010001,Hybrid5,"LOOKUP strategy with memory depth 1. Initial move D; responses CC->D, CD->D, DC->C, DD->D.",1
12,0010000000100100011000000000000100010000000010010001,Hybrid6,LOOKUP strategy with memory depth 2. Initial move D; table contains 16 deterministic entries.,1
12,0010001100101010111111110111100110010101011111111101010101,Hybrid7,"PROBABILISTIC_LOOKUP strategy with memory depth 1. Initial cooperation probability 1.000; per-state cooperation probabilities CC->0.902, CD->0.333, DC->1.000, DD->0.333.",1
12,0010001100101010111111110111111110010101011111111101010101,Hybrid8,"PROBABILISTIC_LOOKUP strategy with memory depth 1. Initial cooperation probability 1.000; per-state cooperation probabilities CC->0.996, CD->0.333, DC->1.000, DD->0.333.",1
12,001001010010000000000001000000000000010000000000,Hybrid9,"SCRIPTED strategy `SHUBIK` with parameters (0, 4, 0).",1
13,0010000000001100000100010100,PAVLOV,"PAVLOV: LOOKUP strategy with memory depth 1. Initial move C; responses CC->C, CD->D, DC->D, DD->C.",44
13,0010000000001100000100010001,TFT,"TFT: LOOKUP strategy with memory depth 1. Initial move C; responses CC->C, CD->D, DC->C, DD->D.",42
13,001001010010000000000000000000000000000000000000,NYDEGGER,"NYDEGGER: SCRIPTED strategy `NYDEGGER` with parameters (0, 0, 0).",38
13,0010000000001100010100010001,SUSPICIOUS_TFT,"SUSPICIOUS_TFT: LOOKUP strategy with memory depth 1. Initial move D; responses CC->C, CD->D, DC->C, DD->D.",36
13,0010001100101010111111110111100110000000001110011000000000,JOSS,"JOSS: PROBABILISTIC_LOOKUP strategy with memory depth 1. Initial cooperation probability 1.000; per-state cooperation probabilities CC->0.902, CD->0.000, DC->0.902, DD->0.000.",36
13,0010000000001100010101010100,DEFENSIVE,"DEFENSIVE: LOOKUP strategy with memory depth 1. Initial move D; responses CC->D, CD->D, DC->D, DD->C.",35
13,0010000000001100010100000100,TESTER,"TESTER: LOOKUP strategy with memory depth 1. Initial move D; responses CC->C, CD->C, DC->D, DD->C.",34
13,0010000000001100010100010100,SUSPICIOUS_PAVLOV,"SUSPICIOUS_PAVLOV: LOOKUP strategy with memory depth 1. Initial move D; responses CC->C, CD->D, DC->D, DD->C.",33
13,0010000000100100001000000000000100010000000000010001,TF2T,TF2T: LOOKUP strategy with memory depth 2. Initial move C; table contains 16 deterministic entries.,32
13,0010001100101010111111110111111111010101011111111101010101,GTFT,"GTFT: PROBABILISTIC_LOOKUP strategy with memory depth 1. Initial cooperation probability 1.000; per-state cooperation probabilities CC->1.000, CD->0.333, DC->1.000, DD->0.333.",31
13,001001010010000000000001000000000000000000000000,SHUBIK,"SHUBIK: SCRIPTED strategy `SHUBIK` with parameters (0, 0, 0).",29
13,0010000000001100000100000001,FORGIVER,"FORGIVER: LOOKUP strategy with memory depth 1. Initial move C; responses CC->C, CD->C, DC->C, DD->D.",28
13,0010000000001100010101010101,ALLD,"ALLD: LOOKUP strategy with memory depth 1. Initial move D; responses CC->D, CD->D, DC->D, DD->D.",27
13,00100100000111000000100001001010010000000000,ALTERNATOR,"ALTERNATOR: FSM strategy with 2 states. Initial move C; initial state S0. S0: on C -> D/S1, on D -> D/S1 S1: on C -> C/S0, on D -> C/S0",27
13,0010000000001100000100000000,ALLC,"ALLC: LOOKUP strategy with memory depth 1. Initial move C; responses CC->C, CD->C, DC->C, DD->C.",19
13,0010000000001100000100010101,Hybrid1,"LOOKUP strategy with memory depth 1. Initial move C; responses CC->C, CD->D, DC->D, DD->D.",2
13,0010000000001100000101010000,Hybrid2,"LOOKUP strategy with memory depth 1. Initial move C; responses CC->D, CD->D, DC->C, DD->C.",1
13,0010000000001100010101000100,Hybrid4,"LOOKUP strategy with memory depth 1. Initial move D; responses CC->D, CD->C, DC->D, DD->C.",1
13,0010000000001100010101010001,Hybrid5,"LOOKUP strategy with memory depth 1. Initial move D; responses CC->D, CD->D, DC->C, DD->D.",1
13,0010000000100100011000000000000100010000000010010001,Hybrid6,LOOKUP strategy with memory depth 2. Initial move D; table contains 16 deterministic entries.,1
13,0010001100101010111111110111100110010101011111111101010101,Hybrid7,"PROBABILISTIC_LOOKUP strategy with memory depth 1. Initial cooperation probability 1.000; per-state cooperation probabilities CC->0.902, CD->0.333, DC->1.000, DD->0.333.",1
13,0010001100101010111111110111111110010101011111111101010101,Hybrid8,"PROBABILISTIC_LOOKUP strategy with memory depth 1. Initial cooperation probability 1.000; per-state cooperation probabilities CC->0.996, CD->0.333, DC->1.000, DD->0.333.",1
13,001001010010000000000001000000000000010000000000,Hybrid9,"SCRIPTED strategy `SHUBIK` with parameters (0, 4, 0).",1
14,0010000000001100000100010001,TFT,"TFT: LOOKUP strategy with memory depth 1. Initial move C; responses CC->C, CD->D, DC->C, DD->D.",43
14,0010000000001100000100010100,PAVLOV,"PAVLOV: LOOKUP strategy with memory depth 1. Initial move C; responses CC->C, CD->D, DC->D, DD->C.",43
14,001001010010000000000000000000000000000000000000,NYDEGGER,"NYDEGGER: SCRIPTED strategy `NYDEGGER` with parameters (0, 0, 0).",38
14,0010001100101010111111110111100110000000001110011000000000,JOSS,"JOSS: PROBABILISTIC_LOOKUP strategy with memory depth 1. Initial cooperation probability 1.000; per-state cooperation probabilities CC->0.902, CD->0.000, DC->0.902, DD->0.000.",37
14,0010000000001100010100010001,SUSPICIOUS_TFT,"SUSPICIOUS_TFT: LOOKUP strategy with memory depth 1. Initial move D; responses CC->C, CD->D, DC->C, DD->D.",35
14,0010000000001100010101010100,DEFENSIVE,"DEFENSIVE: LOOKUP strategy with memory depth 1. Initial move D; responses CC->D, CD->D, DC->D, DD->C.",35
14,0010000000001100010100000100,TESTER,"TESTER: LOOKUP strategy with memory depth 1. Initial move D; responses CC->C, CD->C, DC->D, DD->C.",34
14,0010000000001100010100010100,SUSPICIOUS_PAVLOV,"SUSPICIOUS_PAVLOV: LOOKUP strategy with memory depth 1. Initial move D; responses CC->C, CD->D, DC->D, DD->C.",34
14,0010000000100100001000000000000100010000000000010001,TF2T,TF2T: LOOKUP strategy with memory depth 2. Initial move C; table contains 16 deterministic entries.,32
14,0010001100101010111111110111111111010101011111111101010101,GTFT,"GTFT: PROBABILISTIC_LOOKUP strategy with memory depth 1. Initial cooperation probability 1.000; per-state cooperation probabilities CC->1.000, CD->0.333, DC->1.000, DD->0.333.",31
14,001001010010000000000001000000000000000000000000,SHUBIK,"SHUBIK: SCRIPTED strategy `SHUBIK` with parameters (0, 0, 0).",29
14,00100100000111000000100001001010010000000000,ALTERNATOR,"ALTERNATOR: FSM strategy with 2 states. Initial move C; initial state S0. S0: on C -> D/S1, on D -> D/S1 S1: on C -> C/S0, on D -> C/S0",28
14,0010000000001100010101010101,ALLD,"ALLD: LOOKUP strategy with memory depth 1. Initial move D; responses CC->D, CD->D, DC->D, DD->D.",27
14,0010000000001100000100000001,FORGIVER,"FORGIVER: LOOKUP strategy with memory depth 1. Initial move C; responses CC->C, CD->C, DC->C, DD->D.",26
14,0010000000001100000100000000,ALLC,"ALLC: LOOKUP strategy with memory depth 1. Initial move C; responses CC->C, CD->C, DC->C, DD->C.",19
14,0010000000001100000100010101,Hybrid1,"LOOKUP strategy with memory depth 1. Initial move C; responses CC->C, CD->D, DC->D, DD->D.",2
14,0010000000001100000101010000,Hybrid2,"LOOKUP strategy with memory depth 1. Initial move C; responses CC->D, CD->D, DC->C, DD->C.",1
14,0010000000001100010101000100,Hybrid4,"LOOKUP strategy with memory depth 1. Initial move D; responses CC->D, CD->C, DC->D, DD->C.",1
14,0010000000001100010101010001,Hybrid5,"LOOKUP strategy with memory depth 1. Initial move D; responses CC->D, CD->D, DC->C, DD->D.",1
14,0010000000100100011000000000000100010000000010010001,Hybrid6,LOOKUP strategy with memory depth 2. Initial move D; table contains 16 deterministic entries.,1
14,0010001100101010111111110111100110010101011111111101010101,Hybrid7,"PROBABILISTIC_LOOKUP strategy with memory depth 1. Initial cooperation probability 1.000; per-state cooperation probabilities CC->0.902, CD->0.333, DC->1.000, DD->0.333.",1
14,0010001100101010111111110111111110010101011111111101010101,Hybrid8,"PROBABILISTIC_LOOKUP strategy with memory depth 1. Initial cooperation probability 1.000; per-state cooperation probabilities CC->0.996, CD->0.333, DC->1.000, DD->0.333.",1
14,001001010010000000000001000000000000010000000000,Hybrid9,"SCRIPTED strategy `SHUBIK` with parameters (0, 4, 0).",1
15,0010000000001100000100010100,PAVLOV,"PAVLOV: LOOKUP strategy with memory depth 1. Initial move C; responses CC->C, CD->D, DC->D, DD->C.",45
15,0010000000001100000100010001,TFT,"TFT: LOOKUP strategy with memory depth 1. Initial move C; responses CC->C, CD->D, DC->C, DD->D.",40
15,001001010010000000000000000000000000000000000000,NYDEGGER,"NYDEGGER: SCRIPTED strategy `NYDEGGER` with parameters (0, 0, 0).",38
15,0010000000001100010100010001,SUSPICIOUS_TFT,"SUSPICIOUS_TFT: LOOKUP strategy with memory depth 1. Initial move D; responses CC->C, CD->D, DC->C, DD->D.",37
15,0010000000001100010101010100,DEFENSIVE,"DEFENSIVE: LOOKUP strategy with memory depth 1. Initial move D; responses CC->D, CD->D, DC->D, DD->C.",36
15,0010001100101010111111110111100110000000001110011000000000,JOSS,"JOSS: PROBABILISTIC_LOOKUP strategy with memory depth 1. Initial cooperation probability 1.000; per-state cooperation probabilities CC->0.902, CD->0.000, DC->0.902, DD->0.000.",36
15,0010000000001100010100000100,TESTER,"TESTER: LOOKUP strategy with memory depth 1. Initial move D; responses CC->C, CD->C, DC->D, DD->C.",35
15,0010000000001100010100010100,SUSPICIOUS_PAVLOV,"SUSPICIOUS_PAVLOV: LOOKUP strategy with memory depth 1. Initial move D; responses CC->C, CD->D, DC->D, DD->C.",33
15,0010000000100100001000000000000100010000000000010001,TF2T,TF2T: LOOKUP strategy with memory depth 2. Initial move C; table contains 16 deterministic entries.,31
15,0010001100101010111111110111111111010101011111111101010101,GTFT,"GTFT: PROBABILISTIC_LOOKUP strategy with memory depth 1. Initial cooperation probability 1.000; per-state cooperation probabilities CC->1.000, CD->0.333, DC->1.000, DD->0.333.",31
15,001001010010000000000001000000000000000000000000,SHUBIK,"SHUBIK: SCRIPTED strategy `SHUBIK` with parameters (0, 0, 0).",30
15,0010000000001100010101010101,ALLD,"ALLD: LOOKUP strategy with memory depth 1. Initial move D; responses CC->D, CD->D, DC->D, DD->D.",27
15,00100100000111000000100001001010010000000000,ALTERNATOR,"ALTERNATOR: FSM strategy with 2 states. Initial move C; initial state S0. S0: on C -> D/S1, on D -> D/S1 S1: on C -> C/S0, on D -> C/S0",27
15,0010000000001100000100000001,FORGIVER,"FORGIVER: LOOKUP strategy with memory depth 1. Initial move C; responses CC->C, CD->C, DC->C, DD->D.",26
15,0010000000001100000100000000,ALLC,"ALLC: LOOKUP strategy with memory depth 1. Initial move C; responses CC->C, CD->C, DC->C, DD->C.",19
15,0010000000001100000100010101,Hybrid1,"LOOKUP strategy with memory depth 1. Initial move C; responses CC->C, CD->D, DC->D, DD->D.",2
15,0010000000001100000101010000,Hybrid2,"LOOKUP strategy with memory depth 1. Initial move C; responses CC->D, CD->D, DC->C, DD->C.",1
15,0010000000001100010101000100,Hybrid4,"LOOKUP strategy with memory depth 1. Initial move D; responses CC->D, CD->C, DC->D, DD->C.",1
15,0010000000001100010101010001,Hybrid5,"LOOKUP strategy with memory depth 1. Initial move D; responses CC->D, CD->D, DC->C, DD->D.",1
15,0010000000100100011000000000000100010000000010010001,Hybrid6,LOOKUP strategy with memory depth 2. Initial move D; table contains 16 deterministic entries.,1
15,0010001100101010111111110111100110010101011111111101010101,Hybrid7,"PROBABILISTIC_LOOKUP strategy with memory depth 1. Initial cooperation probability 1.000; per-state cooperation probabilities CC->0.902, CD->0.333, DC->1.000, DD->0.333.",1
15,0010001100101010111111110111111110010101011111111101010101,Hybrid8,"PROBABILISTIC_LOOKUP strategy with memory depth 1. Initial cooperation probability 1.000; per-state cooperation probabilities CC->0.996, CD->0.333, DC->1.000, DD->0.333.",1
15,001001010010000000000001000000000000010000000000,Hybrid9,"SCRIPTED strategy `SHUBIK` with parameters (0, 4, 0).",1
16,0010000000001100000100010100,PAVLOV,"PAVLOV: LOOKUP strategy with memory depth 1. Initial move C; responses CC->C, CD->D, DC->D, DD->C.",44
16,0010000000001100000100010001,TFT,"TFT: LOOKUP strategy with memory depth 1. Initial move C; responses CC->C, CD->D, DC->C, DD->D.",40
16,001001010010000000000000000000000000000000000000,NYDEGGER,"NYDEGGER: SCRIPTED strategy `NYDEGGER` with parameters (0, 0, 0).",37
16,0010000000001100010101010100,DEFENSIVE,"DEFENSIVE: LOOKUP strategy with memory depth 1. Initial move D; responses CC->D, CD->D, DC->D, DD->C.",36
16,0010001100101010111111110111100110000000001110011000000000,JOSS,"JOSS: PROBABILISTIC_LOOKUP strategy with memory depth 1. Initial cooperation probability 1.000; per-state cooperation probabilities CC->0.902, CD->0.000, DC->0.902, DD->0.000.",36
16,0010000000001100010100000100,TESTER,"TESTER: LOOKUP strategy with memory depth 1. Initial move D; responses CC->C, CD->C, DC->D, DD->C.",35
16,0010000000001100010100010001,SUSPICIOUS_TFT,"SUSPICIOUS_TFT: LOOKUP strategy with memory depth 1. Initial move D; responses CC->C, CD->D, DC->C, DD->D.",35
16,0010000000001100010100010100,SUSPICIOUS_PAVLOV,"SUSPICIOUS_PAVLOV: LOOKUP strategy with memory depth 1. Initial move D; responses CC->C, CD->D, DC->D, DD->C.",33
16,0010000000100100001000000000000100010000000000010001,TF2T,TF2T: LOOKUP strategy with memory depth 2. Initial move C; table contains 16 deterministic entries.,31
16,0010001100101010111111110111111111010101011111111101010101,GTFT,"GTFT: PROBABILISTIC_LOOKUP strategy with memory depth 1. Initial cooperation probability 1.000; per-state cooperation probabilities CC->1.000, CD->0.333, DC->1.000, DD->0.333.",31
16,001001010010000000000001000000000000000000000000,SHUBIK,"SHUBIK: SCRIPTED strategy `SHUBIK` with parameters (0, 0, 0).",30
16,00100100000111000000100001001010010000000000,ALTERNATOR,"ALTERNATOR: FSM strategy with 2 states. Initial move C; initial state S0. S0: on C -> D/S1, on D -> D/S1 S1: on C -> C/S0, on D -> C/S0",29
16,0010000000001100010101010101,ALLD,"ALLD: LOOKUP strategy with memory depth 1. Initial move D; responses CC->D, CD->D, DC->D, DD->D.",28
16,0010000000001100000100000001,FORGIVER,"FORGIVER: LOOKUP strategy with memory depth 1. Initial move C; responses CC->C, CD->C, DC->C, DD->D.",27
16,0010000000001100000100000000,ALLC,"ALLC: LOOKUP strategy with memory depth 1. Initial move C; responses CC->C, CD->C, DC->C, DD->C.",19
16,0010000000001100000100010101,Hybrid1,"LOOKUP strategy with memory depth 1. Initial move C; responses CC->C, CD->D, DC->D, DD->D.",2
16,0010000000001100000101010000,Hybrid2,"LOOKUP strategy with memory depth 1. Initial move C; responses CC->D, CD->D, DC->C, DD->C.",1
16,0010000000001100010101000100,Hybrid4,"LOOKUP strategy with memory depth 1. Initial move D; responses CC->D, CD->C, DC->D, DD->C.",1
16,0010000000001100010101010001,Hybrid5,"LOOKUP strategy with memory depth 1. Initial move D; responses CC->D, CD->D, DC->C, DD->D.",1
16,0010000000100100011000000000000100010000000010010001,Hybrid6,LOOKUP strategy with memory depth 2. Initial move D; table contains 16 deterministic entries.,1
16,0010001100101010111111110111100110010101011111111101010101,Hybrid7,"PROBABILISTIC_LOOKUP strategy with memory depth 1. Initial cooperation probability 1.000; per-state cooperation probabilities CC->0.902, CD->0.333, DC->1.000, DD->0.333.",1
16,0010001100101010111111110111111110010101011111111101010101,Hybrid8,"PROBABILISTIC_LOOKUP strategy with memory depth 1. Initial cooperation probability 1.000; per-state cooperation probabilities CC->0.996, CD->0.333, DC->1.000, DD->0.333.",1
16,001001010010000000000001000000000000010000000000,Hybrid9,"SCRIPTED strategy `SHUBIK` with parameters (0, 4, 0).",1
17,0010000000001100000100010100,PAVLOV,"PAVLOV: LOOKUP strategy with memory depth 1. Initial move C; responses CC->C, CD->D, DC->D, DD->C.",44
17,0010000000001100000100010001,TFT,"TFT: LOOKUP strategy with memory depth 1. Initial move C; responses CC->C, CD->D, DC->C, DD->D.",43
17,001001010010000000000000000000000000000000000000,NYDEGGER,"NYDEGGER: SCRIPTED strategy `NYDEGGER` with parameters (0, 0, 0).",38
17,0010000000001100010100000100,TESTER,"TESTER: LOOKUP strategy with memory depth 1. Initial move D; responses CC->C, CD->C, DC->D, DD->C.",35
17,0010000000001100010100010001,SUSPICIOUS_TFT,"SUSPICIOUS_TFT: LOOKUP strategy with memory depth 1. Initial move D; responses CC->C, CD->D, DC->C, DD->D.",35
17,0010000000001100010101010100,DEFENSIVE,"DEFENSIVE: LOOKUP strategy with memory depth 1. Initial move D; responses CC->D, CD->D, DC->D, DD->C.",35
17,0010001100101010111111110111100110000000001110011000000000,JOSS,"JOSS: PROBABILISTIC_LOOKUP strategy with memory depth 1. Initial cooperation probability 1.000; per-state cooperation probabilities CC->0.902, CD->0.000, DC->0.902, DD->0.000.",35
17,0010000000001100010100010100,SUSPICIOUS_PAVLOV,"SUSPICIOUS_PAVLOV: LOOKUP strategy with memory depth 1. Initial move D; responses CC->C, CD->D, DC->D, DD->C.",33
17,0010001100101010111111110111111111010101011111111101010101,GTFT,"GTFT: PROBABILISTIC_LOOKUP strategy with memory depth 1. Initial cooperation probability 1.000; per-state cooperation probabilities CC->1.000, CD->0.333, DC->1.000, DD->0.333.",33
17,0010000000100100001000000000000100010000000000010001,TF2T,TF2T: LOOKUP strategy with memory depth 2. Initial move C; table contains 16 deterministic entries.,31
17,001001010010000000000001000000000000000000000000,SHUBIK,"SHUBIK: SCRIPTED strategy `SHUBIK` with parameters (0, 0, 0).",29
17,0010000000001100010101010101,ALLD,"ALLD: LOOKUP strategy with memory depth 1. Initial move D; responses CC->D, CD->D, DC->D, DD->D.",27
17,00100100000111000000100001001010010000000000,ALTERNATOR,"ALTERNATOR: FSM strategy with 2 states. Initial move C; initial state S0. S0: on C -> D/S1, on D -> D/S1 S1: on C -> C/S0, on D -> C/S0",27
17,0010000000001100000100000001,FORGIVER,"FORGIVER: LOOKUP strategy with memory depth 1. Initial move C; responses CC->C, CD->C, DC->C, DD->D.",26
17,0010000000001100000100000000,ALLC,"ALLC: LOOKUP strategy with memory depth 1. Initial move C; responses CC->C, CD->C, DC->C, DD->C.",20
17,0010000000001100000100010101,Hybrid1,"LOOKUP strategy with memory depth 1. Initial move C; responses CC->C, CD->D, DC->D, DD->D.",2
17,0010000000001100000101010000,Hybrid2,"LOOKUP strategy with memory depth 1. Initial move C; responses CC->D, CD->D, DC->C, DD->C.",1
17,0010000000001100010101000100,Hybrid4,"LOOKUP strategy with memory depth 1. Initial move D; responses CC->D, CD->C, DC->D, DD->C.",1
17,0010000000001100010101010001,Hybrid5,"LOOKUP strategy with memory depth 1. Initial move D; responses CC->D, CD->D, DC->C, DD->D.",1
17,0010000000100100011000000000000100010000000010010001,Hybrid6,LOOKUP strategy with memory depth 2. Initial move D; table contains 16 deterministic entries.,1
17,0010001100101010111111110111100110010101011111111101010101,Hybrid7,"PROBABILISTIC_LOOKUP strategy with memory depth 1. Initial cooperation probability 1.000; per-state cooperation probabilities CC->0.902, CD->0.333, DC->1.000, DD->0.333.",1
17,0010001100101010111111110111111110010101011111111101010101,Hybrid8,"PROBABILISTIC_LOOKUP strategy with memory depth 1. Initial cooperation probability 1.000; per-state cooperation probabilities CC->0.996, CD->0.333, DC->1.000, DD->0.333.",1
17,001001010010000000000001000000000000010000000000,Hybrid9,"SCRIPTED strategy `SHUBIK` with parameters (0, 4, 0).",1
18,0010000000001100000100010100,PAVLOV,"PAVLOV: LOOKUP strategy with memory depth 1. Initial move C; responses CC->C, CD->D, DC->D, DD->C.",42
18,0010000000001100000100010001,TFT,"TFT: LOOKUP strategy with memory depth 1. Initial move C; responses CC->C, CD->D, DC->C, DD->D.",40
18,0010000000001100010100010001,SUSPICIOUS_TFT,"SUSPICIOUS_TFT: LOOKUP strategy with memory depth 1. Initial move D; responses CC->C, CD->D, DC->C, DD->D.",37
18,001001010010000000000000000000000000000000000000,NYDEGGER,"NYDEGGER: SCRIPTED strategy `NYDEGGER` with parameters (0, 0, 0).",37
18,0010001100101010111111110111100110000000001110011000000000,JOSS,"JOSS: PROBABILISTIC_LOOKUP strategy with memory depth 1. Initial cooperation probability 1.000; per-state cooperation probabilities CC->0.902, CD->0.000, DC->0.902, DD->0.000.",36
18,0010000000001100010101010100,DEFENSIVE,"DEFENSIVE: LOOKUP strategy with memory depth 1. Initial move D; responses CC->D, CD->D, DC->D, DD->C.",35
18,0010000000001100010100000100,TESTER,"TESTER: LOOKUP strategy with memory depth 1. Initial move D; responses CC->C, CD->C, DC->D, DD->C.",34
18,0010000000001100010100010100,SUSPICIOUS_PAVLOV,"SUSPICIOUS_PAVLOV: LOOKUP strategy with memory depth 1. Initial move D; responses CC->C, CD->D, DC->D, DD->C.",34
18,0010000000100100001000000000000100010000000000010001,TF2T,TF2T: LOOKUP strategy with memory depth 2. Initial move C; table contains 16 deterministic entries.,33
18,0010001100101010111111110111111111010101011111111101010101,GTFT,"GTFT: PROBABILISTIC_LOOKUP strategy with memory depth 1. Initial cooperation probability 1.000; per-state cooperation probabilities CC->1.000, CD->0.333, DC->1.000, DD->0.333.",31
18,001001010010000000000001000000000000000000000000,SHUBIK,"SHUBIK: SCRIPTED strategy `SHUBIK` with parameters (0, 0, 0).",29
18,00100100000111000000100001001010010000000000,ALTERNATOR,"ALTERNATOR: FSM strategy with 2 states. Initial move C; initial state S0. S0: on C -> D/S1, on D -> D/S1 S1: on C -> C/S0, on D -> C/S0",28
18,0010000000001100000100000001,FORGIVER,"FORGIVER: LOOKUP strategy with memory depth 1. Initial move C; responses CC->C, CD->C, DC->C, DD->D.",27
18,0010000000001100010101010101,ALLD,"ALLD: LOOKUP strategy with memory depth 1. Initial move D; responses CC->D, CD->D, DC->D, DD->D.",27
18,0010000000001100000100000000,ALLC,"ALLC: LOOKUP strategy with memory depth 1. Initial move C; responses CC->C, CD->C, DC->C, DD->C.",21
18,0010000000001100000100010101,Hybrid1,"LOOKUP strategy with memory depth 1. Initial move C; responses CC->C, CD->D, DC->D, DD->D.",2
18,0010000000001100000101010000,Hybrid2,"LOOKUP strategy with memory depth 1. Initial move C; responses CC->D, CD->D, DC->C, DD->C.",1
18,0010000000001100010101000100,Hybrid4,"LOOKUP strategy with memory depth 1. Initial move D; responses CC->D, CD->C, DC->D, DD->C.",1
18,0010000000001100010101010001,Hybrid5,"LOOKUP strategy with memory depth 1. Initial move D; responses CC->D, CD->D, DC->C, DD->D.",1
18,0010000000100100011000000000000100010000000010010001,Hybrid6,LOOKUP strategy with memory depth 2. Initial move D; table contains 16 deterministic entries.,1
18,0010001100101010111111110111100110010101011111111101010101,Hybrid7,"PROBABILISTIC_LOOKUP strategy with memory depth 1. Initial cooperation probability 1.000; per-state cooperation probabilities CC->0.902, CD->0.333, DC->1.000, DD->0.333.",1
18,0010001100101010111111110111111110010101011111111101010101,Hybrid8,"PROBABILISTIC_LOOKUP strategy with memory depth 1. Initial cooperation probability 1.000; per-state cooperation probabilities CC->0.996, CD->0.333, DC->1.000, DD->0.333.",1
18,001001010010000000000001000000000000010000000000,Hybrid9,"SCRIPTED strategy `SHUBIK` with parameters (0, 4, 0).",1
19,0010000000001100000100010100,PAVLOV,"PAVLOV: LOOKUP strategy with memory depth 1. Initial move C; responses CC->C, CD->D, DC->D, DD->C.",43
19,0010000000001100000100010001,TFT,"TFT: LOOKUP strategy with memory depth 1. Initial move C; responses CC->C, CD->D, DC->C, DD->D.",42
19,001001010010000000000000000000000000000000000000,NYDEGGER,"NYDEGGER: SCRIPTED strategy `NYDEGGER` with parameters (0, 0, 0).",38
19,0010000000001100010101010100,DEFENSIVE,"DEFENSIVE: LOOKUP strategy with memory depth 1. Initial move D; responses CC->D, CD->D, DC->D, DD->C.",36
19,0010000000001100010100000100,TESTER,"TESTER: LOOKUP strategy with memory depth 1. Initial move D; responses CC->C, CD->C, DC->D, DD->C.",35
19,0010000000001100010100010001,SUSPICIOUS_TFT,"SUSPICIOUS_TFT: LOOKUP strategy with memory depth 1. Initial move D; responses CC->C, CD->D, DC->C, DD->D.",35
19,0010001100101010111111110111100110000000001110011000000000,JOSS,"JOSS: PROBABILISTIC_LOOKUP strategy with memory depth 1. Initial cooperation probability 1.000; per-state cooperation probabilities CC->0.902, CD->0.000, DC->0.902, DD->0.000.",35
19,0010000000001100010100010100,SUSPICIOUS_PAVLOV,"SUSPICIOUS_PAVLOV: LOOKUP strategy with memory depth 1. Initial move D; responses CC->C, CD->D, DC->D, DD->C.",33
19,0010001100101010111111110111111111010101011111111101010101,GTFT,"GTFT: PROBABILISTIC_LOOKUP strategy with memory depth 1. Initial cooperation probability 1.000; per-state cooperation probabilities CC->1.000, CD->0.333, DC->1.000, DD->0.333.",33
19,0010000000100100001000000000000100010000000000010001,TF2T,TF2T: LOOKUP strategy with memory depth 2. Initial move C; table contains 16 deterministic entries.,31
19,001001010010000000000001000000000000000000000000,SHUBIK,"SHUBIK: SCRIPTED strategy `SHUBIK` with parameters (0, 0, 0).",29
19,0010000000001100010101010101,ALLD,"ALLD: LOOKUP strategy with memory depth 1. Initial move D; responses CC->D, CD->D, DC->D, DD->D.",28
19,00100100000111000000100001001010010000000000,ALTERNATOR,"ALTERNATOR: FSM strategy with 2 states. Initial move C; initial state S0. S0: on C -> D/S1, on D -> D/S1 S1: on C -> C/S0, on D -> C/S0",27
19,0010000000001100000100000001,FORGIVER,"FORGIVER: LOOKUP strategy with memory depth 1. Initial move C; responses CC->C, CD->C, DC->C, DD->D.",26
19,0010000000001100000100000000,ALLC,"ALLC: LOOKUP strategy with memory depth 1. Initial move C; responses CC->C, CD->C, DC->C, DD->C.",20
19,0010000000001100000100010101,Hybrid1,"LOOKUP strategy with memory depth 1. Initial move C; responses CC->C, CD->D, DC->D, DD->D.",2
19,0010000000001100000101010000,Hybrid2,"LOOKUP strategy with memory depth 1. Initial move C; responses CC->D, CD->D, DC->C, DD->C.",1
19,0010000000001100010101000100,Hybrid4,"LOOKUP strategy with memory depth 1. Initial move D; responses CC->D, CD->C, DC->D, DD->C.",1
19,0010000000001100010101010001,Hybrid5,"LOOKUP strategy with memory depth 1. Initial move D; responses CC->D, CD->D, DC->C, DD->D.",1
19,0010000000100100011000000000000100010000000010010001,Hybrid6,LOOKUP strategy with memory depth 2. Initial move D; table contains 16 deterministic entries.,1
19,0010001100101010111111110111100110010101011111111101010101,Hybrid7,"PROBABILISTIC_LOOKUP strategy with memory depth 1. Initial cooperation probability 1.000; per-state cooperation probabilities CC->0.902, CD->0.333, DC->1.000, DD->0.333.",1
19,0010001100101010111111110111111110010101011111111101010101,Hybrid8,"PROBABILISTIC_LOOKUP strategy with memory depth 1. Initial cooperation probability 1.000; per-state cooperation probabilities CC->0.996, CD->0.333, DC->1.000, DD->0.333.",1
19,001001010010000000000001000000000000010000000000,Hybrid9,"SCRIPTED strategy `SHUBIK` with parameters (0, 4, 0).",1
20,0010000000001100000100010100,PAVLOV,"PAVLOV: LOOKUP strategy with memory depth 1. Initial move C; responses CC->C, CD->D, DC->D, DD->C.",44
20,0010000000001100000100010001,TFT,"TFT: LOOKUP strategy with memory depth 1. Initial move C; responses CC->C, CD->D, DC->C, DD->D.",42
20,0010001100101010111111110111100110000000001110011000000000,JOSS,"JOSS: PROBABILISTIC_LOOKUP strategy with memory depth 1. Initial cooperation probability 1.000; per-state cooperation probabilities CC->0.902, CD->0.000, DC->0.902, DD->0.000.",39
20,0010000000001100010101010100,DEFENSIVE,"DEFENSIVE: LOOKUP strategy with memory depth 1. Initial move D; responses CC->D, CD->D, DC->D, DD->C.",37
20,001001010010000000000000000000000000000000000000,NYDEGGER,"NYDEGGER: SCRIPTED strategy `NYDEGGER` with parameters (0, 0, 0).",36
20,001001010010000000000001000000000000000000000000,SHUBIK,"SHUBIK: SCRIPTED strategy `SHUBIK` with parameters (0, 0, 0).",34
20,0010000000001100010100010001,SUSPICIOUS_TFT,"SUSPICIOUS_TFT: LOOKUP strategy with memory depth 1. Initial move D; responses CC->C, CD->D, DC->C, DD->D.",32
20,0010000000001100010101010101,ALLD,"ALLD: LOOKUP strategy with memory depth 1. Initial move D; responses CC->D, CD->D, DC->D, DD->D.",32
20,0010000000100100001000000000000100010000000000010001,TF2T,TF2T: LOOKUP strategy with memory depth 2. Initial move C; table contains 16 deterministic entries.,32
20,0010000000001100010100010100,SUSPICIOUS_PAVLOV,"SUSPICIOUS_PAVLOV: LOOKUP strategy with memory depth 1. Initial move D; responses CC->C, CD->D, DC->D, DD->C.",30
20,0010000000001100010100000100,TESTER,"TESTER: LOOKUP strategy with memory depth 1. Initial move D; responses CC->C, CD->C, DC->D, DD->C.",29
20,00100100000111000000100001001010010000000000,ALTERNATOR,"ALTERNATOR: FSM strategy with 2 states. Initial move C; initial state S0. S0: on C -> D/S1, on D -> D/S1 S1: on C -> C/S0, on D -> C/S0",28
20,0010000000001100000100000001,FORGIVER,"FORGIVER: LOOKUP strategy with memory depth 1. Initial move C; responses CC->C, CD->C, DC->C, DD->D.",27
20,0010001100101010111111110111111111010101011111111101010101,GTFT,"GTFT: PROBABILISTIC_LOOKUP strategy with memory depth 1. Initial cooperation probability 1.000; per-state cooperation probabilities CC->1.000, CD->0.333, DC->1.000, DD->0.333.",26
20,0010000000001100000100000000,ALLC,"ALLC: LOOKUP strategy with memory depth 1. Initial move C; responses CC->C, CD->C, DC->C, DD->C.",17
20,0010000000001100000100010101,Hybrid1,"LOOKUP strategy with memory depth 1. Initial move C; responses CC->C, CD->D, DC->D, DD->D.",2
20,0010000000001100000101010100,Hybrid10,"LOOKUP strategy with memory depth 1. Initial move C; responses CC->D, CD->D, DC->D, DD->C.",2
20,0010000000001100010101010001,Hybrid5,"LOOKUP strategy with memory depth 1. Initial move D; responses CC->D, CD->D, DC->C, DD->D.",2
20,0010000000001100000100000100,Hybrid11,"LOOKUP strategy with memory depth 1. Initial move C; responses CC->C, CD->C, DC->D, DD->C.",1
20,0010000000001100000101010000,Hybrid2,"LOOKUP strategy with memory depth 1. Initial move C; responses CC->D, CD->D, DC->C, DD->C.",1
20,0010000000001100000101010101,HARD_REVENGER,"HARD_REVENGER: LOOKUP strategy with memory depth 1. Initial move C; responses CC->D, CD->D, DC->D, DD->D.",1
20,0010000000001100010101000100,Hybrid4,"LOOKUP strategy with memory depth 1. Initial move D; responses CC->D, CD->C, DC->D, DD->C.",1
20,0010000000100100011000000000000100010000000010010001,Hybrid6,LOOKUP strategy with memory depth 2. Initial move D; table contains 16 deterministic entries.,1
20,0010001100101010111111110111111110010101011111111101010101,Hybrid8,"PROBABILISTIC_LOOKUP strategy with memory depth 1. Initial cooperation probability 1.000; per-state cooperation probabilities CC->0.996, CD->0.333, DC->1.000, DD->0.333.",1
20,0010001100101010111111110111111111010101011111111000000000,Hybrid12,"PROBABILISTIC_LOOKUP strategy with memory depth 1. Initial cooperation probability 1.000; per-state cooperation probabilities CC->1.000, CD->0.333, DC->0.996, DD->0.000.",1
20,0010001100101010111111110111111111010111011111111101010101,Hybrid13,"PROBABILISTIC_LOOKUP strategy with memory depth 1. Initial cooperation probability 1.000; per-state cooperation probabilities CC->1.000, CD->0.365, DC->1.000, DD->0.333.",1
20,00100100000111000000100101001010010000000000,Hybrid14,"FSM strategy with 2 states. Initial move C; initial state S1. S0: on C -> D/S1, on D -> D/S1 S1: on C -> C/S0, on D -> C/S0",1
21,0010000000001100000100010100,PAVLOV,"PAVLOV: LOOKUP strategy with memory depth 1. Initial move C; responses CC->C, CD->D, DC->D, DD->C.",45
21,0010000000001100000100010001,TFT,"TFT: LOOKUP strategy with memory depth 1. Initial move C; responses CC->C, CD->D, DC->C, DD->D.",42
21,0010001100101010111111110111100110000000001110011000000000,JOSS,"JOSS: PROBABILISTIC_LOOKUP strategy with memory depth 1. Initial cooperation probability 1.000; per-state cooperation probabilities CC->0.902, CD->0.000, DC->0.902, DD->0.000.",39
21,0010000000001100010101010100,DEFENSIVE,"DEFENSIVE: LOOKUP strategy with memory depth 1. Initial move D; responses CC->D, CD->D, DC->D, DD->C.",37
21,001001010010000000000001000000000000000000000000,SHUBIK,"SHUBIK: SCRIPTED strategy `SHUBIK` with parameters (0, 0, 0).",37
21,001001010010000000000000000000000000000000000000,NYDEGGER,"NYDEGGER: SCRIPTED strategy `NYDEGGER` with parameters (0, 0, 0).",36
21,0010000000001100010101010101,ALLD,"ALLD: LOOKUP strategy with memory depth 1. Initial move D; responses CC->D, CD->D, DC->D, DD->D.",34
21,0010000000100100001000000000000100010000000000010001,TF2T,TF2T: LOOKUP strategy with memory depth 2. Initial move C; table contains 16 deterministic entries.,33
21,0010000000001100010100010001,SUSPICIOUS_TFT,"SUSPICIOUS_TFT: LOOKUP strategy with memory depth 1. Initial move D; responses CC->C, CD->D, DC->C, DD->D.",32
21,0010000000001100010100000100,TESTER,"TESTER: LOOKUP strategy with memory depth 1. Initial move D; responses CC->C, CD->C, DC->D, DD->C.",30
21,0010000000001100010100010100,SUSPICIOUS_PAVLOV,"SUSPICIOUS_PAVLOV: LOOKUP strategy with memory depth 1. Initial move D; responses CC->C, CD->D, DC->D, DD->C.",30
21,00100100000111000000100001001010010000000000,ALTERNATOR,"ALTERNATOR: FSM strategy with 2 states. Initial move C; initial state S0. S0: on C -> D/S1, on D -> D/S1 S1: on C -> C/S0, on D -> C/S0",28
21,0010001100101010111111110111111111010101011111111101010101,GTFT,"GTFT: PROBABILISTIC_LOOKUP strategy with memory depth 1. Initial cooperation probability 1.000; per-state cooperation probabilities CC->1.000, CD->0.333, DC->1.000, DD->0.333.",26
21,0010000000001100000100000001,FORGIVER,"FORGIVER: LOOKUP strategy with memory depth 1. Initial move C; responses CC->C, CD->C, DC->C, DD->D.",21
21,0010000000001100000100000000,ALLC,"ALLC: LOOKUP strategy with memory depth 1. Initial move C; responses CC->C, CD->C, DC->C, DD->C.",16
21,0010000000001100000100010101,Hybrid1,"LOOKUP strategy with memory depth 1. Initial move C; responses CC->C, CD->D, DC->D, DD->D.",2
21,0010000000001100000101010100,Hybrid10,"LOOKUP strategy with memory depth 1. Initial move C; responses CC->D, CD->D, DC->D, DD->C.",2
21,0010000000001100010101010001,Hybrid5,"LOOKUP strategy with memory depth 1. Initial move D; responses CC->D, CD->D, DC->C, DD->D.",2
21,0010000000001100000101010000,Hybrid2,"LOOKUP strategy with memory depth 1. Initial move C; responses CC->D, CD->D, DC->C, DD->C.",1
21,0010000000001100000101010101,HARD_REVENGER,"HARD_REVENGER: LOOKUP strategy with memory depth 1. Initial move C; responses CC->D, CD->D, DC->D, DD->D.",1
21,0010000000001100010101000100,Hybrid4,"LOOKUP strategy with memory depth 1. Initial move D; responses CC->D, CD->C, DC->D, DD->C.",1
21,0010000000100100011000000000000100010000000010010001,Hybrid6,LOOKUP strategy with memory depth 2. Initial move D; table contains 16 deterministic entries.,1
21,0010001100101010111111110111111110010101011111111101010101,Hybrid8,"PROBABILISTIC_LOOKUP strategy with memory depth 1. Initial cooperation probability 1.000; per-state cooperation probabilities CC->0.996, CD->0.333, DC->1.000, DD->0.333.",1
21,0010001100101010111111110111111111010101011111111000000000,Hybrid12,"PROBABILISTIC_LOOKUP strategy with memory depth 1. Initial cooperation probability 1.000; per-state cooperation probabilities CC->1.000, CD->0.333, DC->0.996, DD->0.000.",1
21,0010001100101010111111110111111111010111011111111101010101,Hybrid13,"PROBABILISTIC_LOOKUP strategy with memory depth 1. Initial cooperation probability 1.000; per-state cooperation probabilities CC->1.000, CD->0.365, DC->1.000, DD->0.333.",1
21,00100100000111000000100101001010010000000000,Hybrid14,"FSM strategy with 2 states. Initial move C; initial state S1. S0: on C -> D/S1, on D -> D/S1 S1: on C -> C/S0, on D -> C/S0",1
22,0010000000001100000100010100,PAVLOV,"PAVLOV: LOOKUP strategy with memory depth 1. Initial move C; responses CC->C, CD->D, DC->D, DD->C.",47
22,0010000000001100000100010001,TFT,"TFT: LOOKUP strategy with memory depth 1. Initial move C; responses CC->C, CD->D, DC->C, DD->D.",44
22,0010001100101010111111110111100110000000001110011000000000,JOSS,"JOSS: PROBABILISTIC_LOOKUP strategy with memory depth 1. Initial cooperation probability 1.000; per-state cooperation probabilities CC->0.902, CD->0.000, DC->0.902, DD->0.000.",40
22,001001010010000000000001000000000000000000000000,SHUBIK,"SHUBIK: SCRIPTED strategy `SHUBIK` with parameters (0, 0, 0).",38
22,0010000000001100010101010100,DEFENSIVE,"DEFENSIVE: LOOKUP strategy with memory depth 1. Initial move D; responses CC->D, CD->D, DC->D, DD->C.",36
22,001001010010000000000000000000000000000000000000,NYDEGGER,"NYDEGGER: SCRIPTED strategy `NYDEGGER` with parameters (0, 0, 0).",36
22,0010000000001100010101010101,ALLD,"ALLD: LOOKUP strategy with memory depth 1. Initial move D; responses CC->D, CD->D, DC->D, DD->D.",35
22,0010000000001100010100010001,SUSPICIOUS_TFT,"SUSPICIOUS_TFT: LOOKUP strategy with memory depth 1. Initial move D; responses CC->C, CD->D, DC->C, DD->D.",32
22,0010000000100100001000000000000100010000000000010001,TF2T,TF2T: LOOKUP strategy with memory depth 2. Initial move C; table contains 16 deterministic entries.,32
22,0010000000001100010100010100,SUSPICIOUS_PAVLOV,"SUSPICIOUS_PAVLOV: LOOKUP strategy with memory depth 1. Initial move D; responses CC->C, CD->D, DC->D, DD->C.",30
22,0010000000001100010100000100,TESTER,"TESTER: LOOKUP strategy with memory depth 1. Initial move D; responses CC->C, CD->C, DC->D, DD->C.",29
22,00100100000111000000100001001010010000000000,ALTERNATOR,"ALTERNATOR: FSM strategy with 2 states. Initial move C; initial state S0. S0: on C -> D/S1, on D -> D/S1 S1: on C -> C/S0, on D -> C/S0",28
22,0010001100101010111111110111111111010101011111111101010101,GTFT,"GTFT: PROBABILISTIC_LOOKUP strategy with memory depth 1. Initial cooperation probability 1.000; per-state cooperation probabilities CC->1.000, CD->0.333, DC->1.000, DD->0.333.",26
22,0010000000001100000100000001,FORGIVER,"FORGIVER: LOOKUP strategy with memory depth 1. Initial move C; responses CC->C, CD->C, DC->C, DD->D.",21
22,0010000000001100000100000000,ALLC,"ALLC: LOOKUP strategy with memory depth 1. Initial move C; responses CC->C, CD->C, DC->C, DD->C.",12
22,0010000000001100000100010101,Hybrid1,"LOOKUP strategy with memory depth 1. Initial move C; responses CC->C, CD->D, DC->D, DD->D.",2
22,0010000000001100000101010100,Hybrid10,"LOOKUP strategy with memory depth 1. Initial move C; responses CC->D, CD->D, DC->D, DD->C.",2
22,0010000000001100010101010001,Hybrid5,"LOOKUP strategy with memory depth 1. Initial move D; responses CC->D, CD->D, DC->C, DD->D.",2
22,0010000000001100000101010000,Hybrid2,"LOOKUP strategy with memory depth 1. Initial move C; responses CC->D, CD->D, DC->C, DD->C.",1
22,0010000000001100000101010101,HARD_REVENGER,"HARD_REVENGER: LOOKUP strategy with memory depth 1. Initial move C; responses CC->D, CD->D, DC->D, DD->D.",1
22,0010000000001100010101000100,Hybrid4,"LOOKUP strategy with memory depth 1. Initial move D; responses CC->D, CD->C, DC->D, DD->C.",1
22,0010000000100100011000000000000100010000000010010001,Hybrid6,LOOKUP strategy with memory depth 2. Initial move D; table contains 16 deterministic entries.,1
22,0010001100101010111111110111111110010101011111111101010101,Hybrid8,"PROBABILISTIC_LOOKUP strategy with memory depth 1. Initial cooperation probability 1.000; per-state cooperation probabilities CC->0.996, CD->0.333, DC->1.000, DD->0.333.",1
22,0010001100101010111111110111111111010101011111111000000000,Hybrid12,"PROBABILISTIC_LOOKUP strategy with memory depth 1. Initial cooperation probability 1.000; per-state cooperation probabilities CC->1.000, CD->0.333, DC->0.996, DD->0.000.",1
22,0010001100101010111111110111111111010111011111111101010101,Hybrid13,"PROBABILISTIC_LOOKUP strategy with memory depth 1. Initial cooperation probability 1.000; per-state cooperation probabilities CC->1.000, CD->0.365, DC->1.000, DD->0.333.",1
22,00100100000111000000100101001010010000000000,Hybrid14,"FSM strategy with 2 states. Initial move C; initial state S1. S0: on C -> D/S1, on D -> D/S1 S1: on C -> C/S0, on D -> C/S0",1
23,0010000000001100000100010100,PAVLOV,"PAVLOV: LOOKUP strategy with memory depth 1. Initial move C; responses CC->C, CD->D, DC->D, DD->C.",47
23,0010000000001100000100010001,TFT,"TFT: LOOKUP strategy with memory depth 1. Initial move C; responses CC->C, CD->D, DC->C, DD->D.",43
23,0010001100101010111111110111100110000000001110011000000000,JOSS,"JOSS: PROBABILISTIC_LOOKUP strategy with memory depth 1. Initial cooperation probability 1.000; per-state cooperation probabilities CC->0.902, CD->0.000, DC->0.902, DD->0.000.",39
23,001001010010000000000001000000000000000000000000,SHUBIK,"SHUBIK: SCRIPTED strategy `SHUBIK` with parameters (0, 0, 0).",39
23,001001010010000000000000000000000000000000000000,NYDEGGER,"NYDEGGER: SCRIPTED strategy `NYDEGGER` with parameters (0, 0, 0).",37
23,0010000000001100010101010101,ALLD,"ALLD: LOOKUP strategy with memory depth 1. Initial move D; responses CC->D, CD->D, DC->D, DD->D.",36
23,0010000000001100010101010100,DEFENSIVE,"DEFENSIVE: LOOKUP strategy with memory depth 1. Initial move D; responses CC->D, CD->D, DC->D, DD->C.",35
23,0010000000001100010100010001,SUSPICIOUS_TFT,"SUSPICIOUS_TFT: LOOKUP strategy with memory depth 1. Initial move D; responses CC->C, CD->D, DC->C, DD->D.",32
23,0010000000100100001000000000000100010000000000010001,TF2T,TF2T: LOOKUP strategy with memory depth 2. Initial move C; table contains 16 deterministic entries.,32
23,0010000000001100010100010100,SUSPICIOUS_PAVLOV,"SUSPICIOUS_PAVLOV: LOOKUP strategy with memory depth 1. Initial move D; responses CC->C, CD->D, DC->D, DD->C.",29
23,0010000000001100010100000100,TESTER,"TESTER: LOOKUP strategy with memory depth 1. Initial move D; responses CC->C, CD->C, DC->D, DD->C.",28
23,0010001100101010111111110111111111010101011111111101010101,GTFT,"GTFT: PROBABILISTIC_LOOKUP strategy with memory depth 1. Initial cooperation probability 1.000; per-state cooperation probabilities CC->1.000, CD->0.333, DC->1.000, DD->0.333.",28
23,00100100000111000000100001001010010000000000,ALTERNATOR,"ALTERNATOR: FSM strategy with 2 states. Initial move C; initial state S0. S0: on C -> D/S1, on D -> D/S1 S1: on C -> C/S0, on D -> C/S0",27
23,0010000000001100000100000001,FORGIVER,"FORGIVER: LOOKUP strategy with memory depth 1. Initial move C; responses CC->C, CD->C, DC->C, DD->D.",22
23,0010000000001100000100000000,ALLC,"ALLC: LOOKUP strategy with memory depth 1. Initial move C; responses CC->C, CD->C, DC->C, DD->C.",12
23,0010000000001100000100010101,Hybrid1,"LOOKUP strategy with memory depth 1. Initial move C; responses CC->C, CD->D, DC->D, DD->D.",2
23,0010000000001100000101010100,Hybrid10,"LOOKUP strategy with memory depth 1. Initial move C; responses CC->D, CD->D, DC->D, DD->C.",2
23,0010000000001100010101010001,Hybrid5,"LOOKUP strategy with memory depth 1. Initial move D; responses CC->D, CD->D, DC->C, DD->D.",2
23,0010000000001100000101010000,Hybrid2,"LOOKUP strategy with memory depth 1. Initial move C; responses CC->D, CD->D, DC->C, DD->C.",1
23,0010000000001100000101010101,HARD_REVENGER,"HARD_REVENGER: LOOKUP strategy with memory depth 1. Initial move C; responses CC->D, CD->D, DC->D, DD->D.",1
23,0010000000001100010101000100,Hybrid4,"LOOKUP strategy with memory depth 1. Initial move D; responses CC->D, CD->C, DC->D, DD->C.",1
23,0010000000100100011000000000000100010000000010010001,Hybrid6,LOOKUP strategy with memory depth 2. Initial move D; table contains 16 deterministic entries.,1
23,0010001100101010111111110111111110010101011111111101010101,Hybrid8,"PROBABILISTIC_LOOKUP strategy with memory depth 1. Initial cooperation probability 1.000; per-state cooperation probabilities CC->0.996, CD->0.333, DC->1.000, DD->0.333.",1
23,0010001100101010111111110111111111010101011111111000000000,Hybrid12,"PROBABILISTIC_LOOKUP strategy with memory depth 1. Initial cooperation probability 1.000; per-state cooperation probabilities CC->1.000, CD->0.333, DC->0.996, DD->0.000.",1
23,0010001100101010111111110111111111010111011111111101010101,Hybrid13,"PROBABILISTIC_LOOKUP strategy with memory depth 1. Initial cooperation probability 1.000; per-state cooperation probabilities CC->1.000, CD->0.365, DC->1.000, DD->0.333.",1
23,00100100000111000000100101001010010000000000,Hybrid14,"FSM strategy with 2 states. Initial move C; initial state S1. S0: on C -> D/S1, on D -> D/S1 S1: on C -> C/S0, on D -> C/S0",1
24,0010000000001100000100010100,PAVLOV,"PAVLOV: LOOKUP strategy with memory depth 1. Initial move C; responses CC->C, CD->D, DC->D, DD->C.",47
24,0010000000001100000100010001,TFT,"TFT: LOOKUP strategy with memory depth 1. Initial move C; responses CC->C, CD->D, DC->C, DD->D.",43
24,0010001100101010111111110111100110000000001110011000000000,JOSS,"JOSS: PROBABILISTIC_LOOKUP strategy with memory depth 1. Initial cooperation probability 1.000; per-state cooperation probabilities CC->0.902, CD->0.000, DC->0.902, DD->0.000.",40
24,001001010010000000000001000000000000000000000000,SHUBIK,"SHUBIK: SCRIPTED strategy `SHUBIK` with parameters (0, 0, 0).",38
24,001001010010000000000000000000000000000000000000,NYDEGGER,"NYDEGGER: SCRIPTED strategy `NYDEGGER` with parameters (0, 0, 0).",37
24,0010000000001100010101010101,ALLD,"ALLD: LOOKUP strategy with memory depth 1. Initial move D; responses CC->D, CD->D, DC->D, DD->D.",36
24,0010000000001100010101010100,DEFENSIVE,"DEFENSIVE: LOOKUP strategy with memory depth 1. Initial move D; responses CC->D, CD->D, DC->D, DD->C.",35
24,0010000000100100001000000000000100010000000000010001,TF2T,TF2T: LOOKUP strategy with memory depth 2. Initial move C; table contains 16 deterministic entries.,33
24,0010000000001100010100010001,SUSPICIOUS_TFT,"SUSPICIOUS_TFT: LOOKUP strategy with memory depth 1. Initial move D; responses CC->C, CD->D, DC->C, DD->D.",32
24,0010000000001100010100000100,TESTER,"TESTER: LOOKUP strategy with memory depth 1. Initial move D; responses CC->C, CD->C, DC->D, DD->C.",29
24,0010000000001100010100010100,SUSPICIOUS_PAVLOV,"SUSPICIOUS_PAVLOV: LOOKUP strategy with memory depth 1. Initial move D; responses CC->C, CD->D, DC->D, DD->C.",29
24,00100100000111000000100001001010010000000000,ALTERNATOR,"ALTERNATOR: FSM strategy with 2 states. Initial move C; initial state S0. S0: on C -> D/S1, on D -> D/S1 S1: on C -> C/S0, on D -> C/S0",27
24,0010001100101010111111110111111111010101011111111101010101,GTFT,"GTFT: PROBABILISTIC_LOOKUP strategy with memory depth 1. Initial cooperation probability 1.000; per-state cooperation probabilities CC->1.000, CD->0.333, DC->1.000, DD->0.333.",26
24,0010000000001100000100000001,FORGIVER,"FORGIVER: LOOKUP strategy with memory depth 1. Initial move C; responses CC->C, CD->C, DC->C, DD->D.",21
24,0010000000001100000100000000,ALLC,"ALLC: LOOKUP strategy with memory depth 1. Initial move C; responses CC->C, CD->C, DC->C, DD->C.",12
24,0010000000001100000100010101,Hybrid1,"LOOKUP strategy with memory depth 1. Initial move C; responses CC->C, CD->D, DC->D, DD->D.",3
24,0010000000001100000101010100,Hybrid10,"LOOKUP strategy with memory depth 1. Initial move C; responses CC->D, CD->D, DC->D, DD->C.",2
24,0010000000001100010101010001,Hybrid5,"LOOKUP strategy with memory depth 1. Initial move D; responses CC->D, CD->D, DC->C, DD->D.",2
24,0010000000001100000101010000,Hybrid2,"LOOKUP strategy with memory depth 1. Initial move C; responses CC->D, CD->D, DC->C, DD->C.",1
24,0010000000001100000101010101,HARD_REVENGER,"HARD_REVENGER: LOOKUP strategy with memory depth 1. Initial move C; responses CC->D, CD->D, DC->D, DD->D.",1
24,0010000000001100010101000100,Hybrid4,"LOOKUP strategy with memory depth 1. Initial move D; responses CC->D, CD->C, DC->D, DD->C.",1
24,0010000000100100011000000000000100010000000010010001,Hybrid6,LOOKUP strategy with memory depth 2. Initial move D; table contains 16 deterministic entries.,1
24,0010001100101010111111110111111110010101011111111101010101,Hybrid8,"PROBABILISTIC_LOOKUP strategy with memory depth 1. Initial cooperation probability 1.000; per-state cooperation probabilities CC->0.996, CD->0.333, DC->1.000, DD->0.333.",1
24,0010001100101010111111110111111111010101011111111000000000,Hybrid12,"PROBABILISTIC_LOOKUP strategy with memory depth 1. Initial cooperation probability 1.000; per-state cooperation probabilities CC->1.000, CD->0.333, DC->0.996, DD->0.000.",1
24,0010001100101010111111110111111111010111011111111101010101,Hybrid13,"PROBABILISTIC_LOOKUP strategy with memory depth 1. Initial cooperation probability 1.000; per-state cooperation probabilities CC->1.000, CD->0.365, DC->1.000, DD->0.333.",1
24,00100100000111000000100101001010010000000000,Hybrid14,"FSM strategy with 2 states. Initial move C; initial state S1. S0: on C -> D/S1, on D -> D/S1 S1: on C -> C/S0, on D -> C/S0",1
25,0010000000001100000100010100,PAVLOV,"PAVLOV: LOOKUP strategy with memory depth 1. Initial move C; responses CC->C, CD->D, DC->D, DD->C.",49
25,0010000000001100000100010001,TFT,"TFT: LOOKUP strategy with memory depth 1. Initial move C; responses CC->C, CD->D, DC->C, DD->D.",42
25,0010001100101010111111110111100110000000001110011000000000,JOSS,"JOSS: PROBABILISTIC_LOOKUP strategy with memory depth 1. Initial cooperation probability 1.000; per-state cooperation probabilities CC->0.902, CD->0.000, DC->0.902, DD->0.000.",40
25,001001010010000000000001000000000000000000000000,SHUBIK,"SHUBIK: SCRIPTED strategy `SHUBIK` with parameters (0, 0, 0).",39
25,001001010010000000000000000000000000000000000000,NYDEGGER,"NYDEGGER: SCRIPTED strategy `NYDEGGER` with parameters (0, 0, 0).",36
25,0010000000001100010101010101,ALLD,"ALLD: LOOKUP strategy with memory depth 1. Initial move D; responses CC->D, CD->D, DC->D, DD->D.",35
25,0010000000001100010101010100,DEFENSIVE,"DEFENSIVE: LOOKUP strategy with memory depth 1. Initial move D; responses CC->D, CD->D, DC->D, DD->C.",34
25,0010000000001100010100010001,SUSPICIOUS_TFT,"SUSPICIOUS_TFT: LOOKUP strategy with memory depth 1. Initial move D; responses CC->C, CD->D, DC->C, DD->D.",33
25,0010000000100100001000000000000100010000000000010001,TF2T,TF2T: LOOKUP strategy with memory depth 2. Initial move C; table contains 16 deterministic entries.,32
25,0010000000001100010100010100,SUSPICIOUS_PAVLOV,"SUSPICIOUS_PAVLOV: LOOKUP strategy with memory depth 1. Initial move D; responses CC->C, CD->D, DC->D, DD->C.",30
25,0010000000001100010100000100,TESTER,"TESTER: LOOKUP strategy with memory depth 1. Initial move D; responses CC->C, CD->C, DC->D, DD->C.",28
25,00100100000111000000100001001010010000000000,ALTERNATOR,"ALTERNATOR: FSM strategy with 2 states. Initial move C; initial state S0. S0: on C -> D/S1, on D -> D/S1 S1: on C -> C/S0, on D -> C/S0",27
25,0010001100101010111111110111111111010101011111111101010101,GTFT,"GTFT: PROBABILISTIC_LOOKUP strategy with memory depth 1. Initial cooperation probability 1.000; per-state cooperation probabilities CC->1.000, CD->0.333, DC->1.000, DD->0.333.",26
25,0010000000001100000100000001,FORGIVER,"FORGIVER: LOOKUP strategy with memory depth 1. Initial move C; responses CC->C, CD->C, DC->C, DD->D.",22
25,0010000000001100000100000000,ALLC,"ALLC: LOOKUP strategy with memory depth 1. Initial move C; responses CC->C, CD->C, DC->C, DD->C.",13
25,0010000000001100000100010101,Hybrid1,"LOOKUP strategy with memory depth 1. Initial move C; responses CC->C, CD->D, DC->D, DD->D.",2
25,0010000000001100000101010100,Hybrid10,"LOOKUP strategy with memory depth 1. Initial move C; responses CC->D, CD->D, DC->D, DD->C.",2
25,0010000000001100010101010001,Hybrid5,"LOOKUP strategy with memory depth 1. Initial move D; responses CC->D, CD->D, DC->C, DD->D.",2
25,0010000000001100000101010000,Hybrid2,"LOOKUP strategy with memory depth 1. Initial move C; responses CC->D, CD->D, DC->C, DD->C.",1
25,0010000000001100000101010101,HARD_REVENGER,"HARD_REVENGER: LOOKUP strategy with memory depth 1. Initial move C; responses CC->D, CD->D, DC->D, DD->D.",1
25,0010000000001100010101000100,Hybrid4,"LOOKUP strategy with memory depth 1. Initial move D; responses CC->D, CD->C, DC->D, DD->C.",1
25,0010000000100100011000000000000100010000000010010001,Hybrid6,LOOKUP strategy with memory depth 2. Initial move D; table contains 16 deterministic entries.,1
25,0010001100101010111111110111111110010101011111111101010101,Hybrid8,"PROBABILISTIC_LOOKUP strategy with memory depth 1. Initial cooperation probability 1.000; per-state cooperation probabilities CC->0.996, CD->0.333, DC->1.000, DD->0.333.",1
25,0010001100101010111111110111111111010101011111111000000000,Hybrid12,"PROBABILISTIC_LOOKUP strategy with memory depth 1. Initial cooperation probability 1.000; per-state cooperation probabilities CC->1.000, CD->0.333, DC->0.996, DD->0.000.",1
25,0010001100101010111111110111111111010111011111111101010101,Hybrid13,"PROBABILISTIC_LOOKUP strategy with memory depth 1. Initial cooperation probability 1.000; per-state cooperation probabilities CC->1.000, CD->0.365, DC->1.000, DD->0.333.",1
25,00100100000111000000100101001010010000000000,Hybrid14,"FSM strategy with 2 states. Initial move C; initial state S1. S0: on C -> D/S1, on D -> D/S1 S1: on C -> C/S0, on D -> C/S0",1
